year,party,speaker,word_count,i_count,we_count,num_speeches,i_rate,we_rate,collective_gap
2004,Democratic,Adam Smith,416,14,2,1,33.65,4.81,-28.84
2004,Democratic,Al Gore,1674,36,22,1,21.51,13.14,-8.37
2004,Democratic,Al Sharpton,1809,39,52,1,21.56,28.75,7.19
2004,Democratic,Alexandra Kerry,742,9,12,1,12.13,16.17,4.04
2004,Democratic,Alice Huffman,384,4,5,1,10.42,13.02,2.6
2004,Democratic,Allyson Schwartz,386,1,8,1,2.59,20.73,18.14
2004,Democratic,Amy Klobuchar,445,3,13,1,6.74,29.21,22.47
2004,Democratic,Andre Heinz,196,4,3,1,20.41,15.31,-5.1
2004,Democratic,Angelo Kyle,347,3,3,1,8.65,8.65,0.0
2004,Democratic,Anna Burger,455,2,10,1,4.4,21.98,17.58
2004,Democratic,Antonio Villaraigosa,485,7,7,1,14.43,14.43,0.0
2004,Democratic,Ashley Bell,305,8,9,1,26.23,29.51,3.28
2004,Democratic,Barack Obama,2195,30,36,1,13.67,16.4,2.73
2004,Democratic,Barbara Boxer,480,11,11,1,22.92,22.92,0.0
2004,Democratic,Barbara Mikulski,540,7,20,1,12.96,37.04,24.08
2004,Democratic,Barney Frank,639,9,31,1,14.08,48.51,34.43
2004,Democratic,Benjamin McKenzie,374,18,4,1,48.13,10.7,-37.43
2004,Democratic,Bennie Thompson,95,0,0,1,0.0,0.0,0.0
2004,Democratic,Betsy Cavendish,334,3,2,1,8.98,5.99,-2.99
2004,Democratic,Bill Clinton,3244,36,66,1,11.1,20.35,9.25
2004,Democratic,Bill Garcia,383,3,12,1,7.83,31.33,23.5
2004,Democratic,Bill Lann Lee,422,3,16,1,7.11,37.91,30.8
2004,Democratic,Bill Pascrell,426,4,12,1,9.39,28.17,18.78
2004,Democratic,Bill Richardson,1416,12,21,2,8.47,14.83,6.36
2004,Democratic,Bob Graham,939,16,17,1,17.04,18.1,1.06
2004,Democratic,Byron Dorgan,457,2,6,1,4.38,13.13,8.75
2004,Democratic,Carl Levin,416,0,14,1,0.0,33.65,33.65
2004,Democratic,Carol Moseley Braun,1011,20,12,1,19.78,11.87,-7.91
2004,Democratic,Carolyn McCarthy,379,7,2,1,18.47,5.28,-13.19
2004,Democratic,Cate Edwards,402,9,2,1,22.39,4.98,-17.41
2004,Democratic,Chaka Fattah,387,2,7,1,5.17,18.09,12.92
2004,Democratic,Charles Rangel,688,1,36,1,1.45,52.33,50.88
2004,Democratic,Charles Schumer,501,2,17,1,3.99,33.93,29.94
2004,Democratic,Cheryl Jacques,431,4,19,1,9.28,44.08,34.8
2004,Democratic,Chris Heinz,645,16,1,1,24.81,1.55,-23.26
2004,Democratic,Christie Vilsack,981,16,16,1,16.31,16.31,0.0
2004,Democratic,Ciro Rodriguez,316,2,16,1,6.33,50.63,44.3
2004,Democratic,Claudia Kennedy,1377,25,23,1,18.16,16.7,-1.46
2004,Democratic,Corrine Brown,336,7,7,1,20.83,20.83,0.0
2004,Democratic,David Passafaro,362,1,6,1,2.76,16.57,13.81
2004,Democratic,David Paterson,454,8,9,1,17.62,19.82,2.2
2004,Democratic,Deb Callahan,369,3,5,1,8.13,13.55,5.42
2004,Democratic,Denise Stokes,385,7,17,1,18.18,44.16,25.98
2004,Democratic,Dennis Kucinich,842,3,30,1,3.56,35.63,32.07
2004,Democratic,Diana DeGette,373,0,7,1,0.0,18.77,18.77
2004,Democratic,Diane Denish,418,6,7,1,14.35,16.75,2.4
2004,Democratic,Diane Wilkerson,389,7,2,1,17.99,5.14,-12.85
2004,Democratic,Dianne Feinstein,524,7,3,1,13.36,5.73,-7.63
2004,Democratic,Dick Durbin,464,6,5,1,12.93,10.78,-2.15
2004,Democratic,Dick Gephardt,945,22,15,1,23.28,15.87,-7.41
2004,Democratic,Donald Plusquellic,427,6,10,1,14.05,23.42,9.37
2004,Democratic,Donna Christano Da Mattason,378,3,8,1,7.94,21.16,13.22
2004,Democratic,Doug Palmer,389,2,11,1,5.14,28.28,23.14
2004,Democratic,Earl Blumenauer,651,2,10,1,3.07,15.36,12.29
2004,Democratic,Ed Markey,534,1,12,1,1.87,22.47,20.6
2004,Democratic,Ed Pastor,386,5,9,1,12.95,23.32,10.37
2004,Democratic,Ed Rendell,868,5,16,1,5.76,18.43,12.67
2004,Democratic,Edward Kennedy,2679,11,78,1,4.11,29.12,25.01
2004,Democratic,Edward McElroy,397,1,9,1,2.52,22.67,20.15
2004,Democratic,Eimy Santiago,611,23,5,1,37.64,8.18,-29.46
2004,Democratic,Eleanor Holmes Norton,334,0,5,1,0.0,14.97,14.97
2004,Democratic,Elijah Cummings,649,3,20,1,4.62,30.82,26.2
2004,Democratic,Elizabeth Edwards,660,16,10,1,24.24,15.15,-9.09
2004,Democratic,Ellen Tauscher,407,2,9,1,4.91,22.11,17.2
2004,Democratic,Fernando Ferrer,478,17,10,1,35.56,20.92,-14.64
2004,Democratic,Francis Slay,357,3,7,1,8.4,19.61,11.21
2004,Democratic,Frank Lautenberg,459,10,1,1,21.79,2.18,-19.61
2004,Democratic,Gary Locke,613,5,8,1,8.16,13.05,4.89
2004,Democratic,Glenn Close,1442,19,34,1,13.18,23.58,10.4
2004,Democratic,Gloria Feldt,453,6,13,1,13.25,28.7,15.45
2004,Democratic,Gregory Meeks,411,10,2,1,24.33,4.87,-19.46
2004,Democratic,Harold Ford,648,8,9,1,12.35,13.89,1.54
2004,Democratic,Harold Schaitberger,438,4,6,1,9.13,13.7,4.57
2004,Democratic,Harry Reid,818,14,22,1,17.11,26.89,9.78
2004,Democratic,Harvey Gantt,648,11,11,1,16.98,16.98,0.0
2004,Democratic,Hilda Solis,481,1,14,1,2.08,29.11,27.03
2004,Democratic,Hillary Clinton,1051,21,30,1,19.98,28.54,8.56
2004,Democratic,Howard Dean,843,30,18,1,35.59,21.35,-14.24
2004,Democratic,Ike Skelton,501,3,15,1,5.99,29.94,23.95
2004,Democratic,Ilana Wexler,419,12,4,1,28.64,9.55,-19.09
2004,Democratic,Jack Ford,434,3,11,1,6.91,25.35,18.44
2004,Democratic,Jack Reed,295,0,4,1,0.0,13.56,13.56
2004,Democratic,James Clyburn,647,7,8,1,10.82,12.36,1.54
2004,Democratic,James Forbes,583,2,13,1,3.43,22.3,18.87
2004,Democratic,James Hoffa,413,15,3,1,36.32,7.26,-29.06
2004,Democratic,James Langevin,282,8,2,1,28.37,7.09,-21.28
2004,Democratic,James Socas,454,0,15,1,0.0,33.04,33.04
2004,Democratic,James Turner,503,3,8,1,5.96,15.9,9.94
2004,Democratic,Janet Napolitano,936,5,3,1,5.34,3.21,-2.13
2004,Democratic,Jean Carnahan,339,7,11,1,20.65,32.45,11.8
2004,Democratic,Jeanne Shaheen,79,0,0,1,0.0,0.0,0.0
2004,Democratic,Jeff Bingaman,444,0,7,1,0.0,15.77,15.77
2004,Democratic,Jennifer Granholm,1391,4,15,1,2.88,10.78,7.9
2004,Democratic,Jesse Jackson,1395,6,7,2,4.3,5.02,0.72
2004,Democratic,Jim Davis,476,2,2,1,4.2,4.2,0.0
2004,Democratic,Jim Hahn,427,14,9,1,32.79,21.08,-11.71
2004,Democratic,Jim Rassmann,292,8,3,1,27.4,10.27,-17.13
2004,Democratic,Jim Stork,390,22,9,1,56.41,23.08,-33.33
2004,Democratic,Jimmy Carter,1280,23,22,1,17.97,17.19,-0.78
2004,Democratic,Joe Biden,1121,14,26,1,12.49,23.19,10.7
2004,Democratic,Joe Hoeffel,415,3,10,1,7.23,24.1,16.87
2004,Democratic,Joe Manchin,411,3,2,1,7.3,4.87,-2.43
2004,Democratic,John Baldacci,372,3,10,1,8.06,26.88,18.82
2004,Democratic,John Breaux,597,6,3,1,10.05,5.03,-5.02
2004,Democratic,John Dingell,443,3,14,1,6.77,31.6,24.83
2004,Democratic,John Edwards,3909,52,135,1,13.3,34.54,21.24
2004,Democratic,John Glenn,566,11,2,1,19.43,3.53,-15.9
2004,Democratic,John Kerry,5203,106,132,1,20.37,25.37,5.0
2004,Democratic,John Lewis,390,2,13,1,5.13,33.33,28.2
2004,Democratic,John Marx,381,5,7,1,13.12,18.37,5.25
2004,Democratic,John Shalikashvili,1192,25,22,1,20.97,18.46,-2.51
2004,Democratic,John Sweeney,589,2,5,1,3.4,8.49,5.09
2004,Democratic,John Tanner,395,5,5,1,12.66,12.66,0.0
2004,Democratic,Jon Corzine,469,1,17,1,2.13,36.25,34.12
2004,Democratic,Joseph Lieberman,1046,10,20,1,9.56,19.12,9.56
2004,Democratic,Juanita Millender-McDonald,548,1,14,1,1.82,25.55,23.73
2004,Democratic,Kathleen Sebelius,428,6,4,1,14.02,9.35,-4.67
2004,Democratic,Kendrick Meek,371,6,6,1,16.17,16.17,0.0
2004,Democratic,Kwame Kilpatrick,422,5,13,1,11.85,30.81,18.96
2004,Democratic,Kweisi Mfume,950,5,32,1,5.26,33.68,28.42
2004,Democratic,Laraza Paul Izagere,381,1,4,1,2.62,10.5,7.88
2004,Democratic,Linda Sanchez,404,11,5,1,27.23,12.38,-14.85
2004,Democratic,Lois Murphy,378,7,6,1,18.52,15.87,-2.65
2004,Democratic,Louise Slaughter,655,2,21,1,3.05,32.06,29.01
2004,Democratic,Madeleine Albright,849,16,8,1,18.85,9.42,-9.43
2004,Democratic,Marca Bristo,364,0,5,1,0.0,13.74,13.74
2004,Democratic,Maria Cantwell,346,0,1,1,0.0,2.89,2.89
2004,Democratic,Mark Udall,383,3,7,1,7.83,18.28,10.45
2004,Democratic,Mark Warner,507,3,9,1,5.92,17.75,11.83
2004,Democratic,Martin O'Malley,908,0,23,1,0.0,25.33,25.33
2004,Democratic,Mary Landrieu,380,3,7,1,7.89,18.42,10.53
2004,Democratic,Max Cleland,1039,35,8,1,33.69,7.7,-25.99
2004,Democratic,Maya Angelou,1226,48,23,1,39.15,18.76,-20.39
2004,Democratic,Michael Coleman,687,14,9,1,20.38,13.1,-7.28
2004,Democratic,Michael Michaud,415,3,3,1,7.23,7.23,0.0
2004,Democratic,Michael Negron,383,0,11,1,0.0,28.72,28.72
2004,Democratic,Mike Flaherty,386,20,11,1,51.81,28.5,-23.31
2004,Democratic,Mike Honda,523,6,4,1,11.47,7.65,-3.82
2004,Democratic,Nancy Farmer,368,16,8,1,43.48,21.74,-21.74
2004,Democratic,Nancy Pelosi,930,4,25,1,4.3,26.88,22.58
2004,Democratic,Nita Lowey,345,3,4,1,8.7,11.59,2.89
2004,Democratic,Ossie Davis & Ruby Dee,525,0,3,1,0.0,5.71,5.71
2004,Democratic,Patrick Leahy,430,7,3,1,16.28,6.98,-9.3
2004,Democratic,Patty Judge,386,1,11,1,2.59,28.5,25.91
2004,Democratic,Patty Wetterling,355,10,2,1,28.17,5.63,-22.54
2004,Democratic,Phil Angelides,387,1,12,1,2.58,31.01,28.43
2004,Democratic,Pueblo Asandia,393,3,4,1,7.63,10.18,2.55
2004,Democratic,Raul Grijalva,588,3,6,1,5.1,10.2,5.1
2004,Democratic,Reg Weaver,386,2,3,1,5.18,7.77,2.59
2004,Democratic,Rich Trumka,365,0,4,1,0.0,10.96,10.96
2004,Democratic,Robert Caro,814,13,0,1,15.97,0.0,-15.97
2004,Democratic,Robert Kennedy Jr.,926,4,21,1,4.32,22.68,18.36
2004,Democratic,Robert Matsui,391,9,7,1,23.02,17.9,-5.12
2004,Democratic,Robert Menendez,848,1,12,1,1.18,14.15,12.97
2004,Democratic,Roberta Achtenberg,402,7,13,1,17.41,32.34,14.93
2004,Democratic,Rod O'connor,400,4,8,1,10.0,20.0,10.0
2004,Democratic,Ron Reagan,1198,10,25,1,8.35,20.87,12.52
2004,Democratic,Rosa DeLauro,528,2,11,1,3.79,20.83,17.04
2004,Democratic,Smith Whitaker,160,3,4,1,18.75,25.0,6.25
2004,Democratic,Steny Hoyer,719,1,16,1,1.39,22.25,20.86
2004,Democratic,Stephanie Tubbs Jones,977,6,16,1,6.14,16.38,10.24
2004,Democratic,Stephen Lynch,423,4,4,1,9.46,9.46,0.0
2004,Democratic,Steve Brozak,973,34,3,1,34.94,3.08,-31.86
2004,Democratic,Steve Israel,395,4,4,1,10.13,10.13,0.0
2004,Democratic,Steve Wesley,406,2,13,1,4.93,32.02,27.09
2004,Democratic,Tammy Baldwin,803,2,23,1,2.49,28.64,26.15
2004,Democratic,Teresa Heinz Kerry,1710,28,30,1,16.37,17.54,1.17
2004,Democratic,Terri Murphy,73,6,0,1,82.19,0.0,-82.19
2004,Democratic,Terry McAuliffe,922,9,27,1,9.76,29.28,19.52
2004,Democratic,Tom Allen,399,1,5,1,2.51,12.53,10.02
2004,Democratic,Tom Carper,773,14,18,1,18.11,23.29,5.18
2004,Democratic,Tom Daschle,993,6,31,1,6.04,31.22,25.18
2004,Democratic,Tom Menino,927,9,22,1,9.71,23.73,14.02
2004,Democratic,Tom Reilly,383,5,5,1,13.05,13.05,0.0
2004,Democratic,Tom Vilsack,512,2,18,1,3.91,35.16,31.25
2004,Democratic,Vanessa Kerry,744,20,5,1,26.88,6.72,-20.16
2004,Democratic,Veronica Garcia,394,10,1,1,25.38,2.54,-22.84
2004,Democratic,Virginia Fields,384,14,4,1,36.46,10.42,-26.04
2004,Democratic,Wellington Webb,50,0,0,1,0.0,0.0,0.0
2004,Democratic,Wesley Clark,1090,12,20,1,11.01,18.35,7.34
2004,Democratic,William Perry,376,8,6,1,21.28,15.96,-5.32
2004,Republican,Angie Harmon,225,0,3,1,0.0,13.33,13.33
2004,Republican,Anne Northup,150,1,2,1,6.67,13.33,6.66
2004,Republican,Arnold Schwarzenegger,2243,77,24,1,34.33,10.7,-23.63
2004,Republican,Bernard Kerik,459,4,8,1,8.71,17.43,8.72
2004,Republican,Bill Frist,1542,10,20,1,6.49,12.97,6.48
2004,Republican,Bill Jones,319,14,6,1,43.89,18.81,-25.08
2004,Republican,Bob Taft,263,4,4,1,15.21,15.21,0.0
2004,Republican,Dick Cheney,2701,27,41,1,10.0,15.18,5.18
2004,Republican,Elaine Chao,629,7,9,1,11.13,14.31,3.18
2004,Republican,Elisabeth Hasselbeck,589,6,3,1,10.19,5.09,-5.1
2004,Republican,Elizabeth Dole,958,7,30,1,7.31,31.32,24.01
2004,Republican,Eric Hoppling,241,3,6,1,12.45,24.9,12.45
2004,Republican,Erika Harold,535,5,7,1,9.35,13.08,3.73
2004,Republican,Fernando Mateo,252,1,6,1,3.97,23.81,19.84
2004,Republican,George Allen,335,0,5,1,0.0,14.93,14.93
2004,Republican,George Bush,191,5,0,1,26.18,0.0,-26.18
2004,Republican,George E. Pataki,1882,23,27,1,12.22,14.35,2.13
2004,Republican,George Nethercutt,300,10,9,1,33.33,30.0,-3.33
2004,Republican,George P. Bush,582,5,6,1,8.59,10.31,1.72
2004,Republican,George W. Bush,5079,78,113,1,15.36,22.25,6.89
2004,Republican,Heather Wilson,368,2,8,1,5.43,21.74,16.31
2004,Republican,Jason Sehorn,162,0,1,1,0.0,6.17,6.17
2004,Republican,Jenna & Barbara Bush,701,9,40,1,12.84,57.06,44.22
2004,Republican,Jim DeMint,195,3,5,1,15.38,25.64,10.26
2004,Republican,John McCain,2305,16,58,1,6.94,25.16,18.22
2004,Republican,John Quiñones,102,2,4,1,19.61,39.22,19.61
2004,Republican,John Thune,241,1,5,1,4.15,20.75,16.6
2004,Republican,Joni Eareckson Tada,336,0,12,1,0.0,35.71,35.71
2004,Republican,Katherine Hanoway,112,2,1,1,17.86,8.93,-8.93
2004,Republican,Kerry Healey,323,1,2,1,3.1,6.19,3.09
2004,Republican,Kit Bond,346,3,4,1,8.67,11.56,2.89
2004,Republican,Laura Bush,2186,37,38,1,16.93,17.38,0.45
2004,Republican,Linda Lingle,72,0,0,1,0.0,0.0,0.0
2004,Republican,Lindsey Graham,364,2,2,1,5.49,5.49,0.0
2004,Republican,Lurita Doan,265,7,0,1,26.42,0.0,-26.42
2004,Republican,Lynne Cheney,379,9,2,1,23.75,5.28,-18.47
2004,Republican,Marvin Scott,217,6,4,1,27.65,18.43,-9.22
2004,Republican,Maryland Biers,171,1,1,1,5.85,5.85,0.0
2004,Republican,Mel Martinez,1231,28,4,1,22.75,3.25,-19.5
2004,Republican,Michael Mack,234,1,9,1,4.27,38.46,34.19
2004,Republican,Michael Reagan,634,13,4,1,20.5,6.31,-14.19
2004,Republican,Michael Steele,1349,12,11,1,8.9,8.15,-0.75
2004,Republican,Michael Williams,409,8,5,1,19.56,12.22,-7.34
2004,Republican,Mitch McConnell,159,1,2,1,6.29,12.58,6.29
2004,Republican,Mitt Romney,742,6,18,1,8.09,24.26,16.17
2004,Republican,Monty Warner,120,5,2,1,41.67,16.67,-25.0
2004,Republican,Pat McCrory,236,3,3,1,12.71,12.71,0.0
2004,Republican,Patricia Stout,261,8,7,1,30.65,26.82,-3.83
2004,Republican,Paul Ryan,639,2,5,1,3.13,7.82,4.69
2004,Republican,Pete Coors,148,7,0,1,47.3,0.0,-47.3
2004,Republican,Rob Khuzami,353,1,3,1,2.83,8.5,5.67
2004,Republican,Rob Portman,432,1,10,1,2.31,23.15,20.84
2004,Republican,Rod Paige,609,5,6,1,8.21,9.85,1.64
2004,Republican,Rod Silver,493,6,11,1,12.17,22.31,10.14
2004,Republican,Rudy Giuliani,3233,32,56,1,9.9,17.32,7.42
2004,Republican,Sam Brownback,428,0,9,1,0.0,21.03,21.03
2004,Republican,Steven McDonald,252,10,2,1,39.68,7.94,-31.74
2004,Republican,Susan Davis,201,0,1,1,0.0,4.98,4.98
2004,Republican,Tommy Franks,1063,26,21,1,24.46,19.76,-4.7
2004,Republican,Victor Careo,126,4,2,1,31.75,15.87,-15.88
2004,Republican,Zainab Al-suwaij,313,11,7,1,35.14,22.36,-12.78
2004,Republican,Zell Miller,1629,20,7,1,12.28,4.3,-7.98
2008,Democratic,Al Gore,1881,10,42,1,5.32,22.33,17.01
2008,Democratic,Alexi Giannoulias,387,4,3,1,10.34,7.75,-2.59
2008,Democratic,Amanda Kubik,280,6,10,1,21.43,35.71,14.28
2008,Democratic,Amy Klobuchar,438,7,11,1,15.98,25.11,9.13
2008,Democratic,Anna Burger,339,3,5,1,8.85,14.75,5.9
2008,Democratic,Arthur Davis,658,18,5,1,27.36,7.6,-19.76
2008,Democratic,Austin Esposito,358,3,8,1,8.38,22.35,13.97
2008,Democratic,Barack Obama,4694,81,77,1,17.26,16.4,-0.86
2008,Democratic,Barney Smith,192,4,3,1,20.83,15.62,-5.21
2008,Democratic,Beau Biden,689,8,5,1,11.61,7.26,-4.35
2008,Democratic,Bennie Thompson,277,1,6,1,3.61,21.66,18.05
2008,Democratic,Bernice A. King,164,2,1,1,12.2,6.1,-6.1
2008,Democratic,Beth Robinson,401,8,5,1,19.95,12.47,-7.48
2008,Democratic,Bill Clinton,1928,23,15,1,11.93,7.78,-4.15
2008,Democratic,Bill Richardson,763,3,20,1,3.93,26.21,22.28
2008,Democratic,Bill Ritter,544,3,24,1,5.51,44.12,38.61
2008,Democratic,Bob Casey Jr.,862,17,19,1,19.72,22.04,2.32
2008,Democratic,Brian Schweitzer,1414,7,39,1,4.95,27.58,22.63
2008,Democratic,Candi Schmieder,421,27,2,1,64.13,4.75,-59.38
2008,Democratic,Caroline Kennedy,747,8,5,1,10.71,6.69,-4.02
2008,Democratic,Carolyn Cheeks Kilpatrick,247,1,4,1,4.05,16.19,12.14
2008,Democratic,Cecile Richards,430,5,1,1,11.63,2.33,-9.3
2008,Democratic,Charlie Rangel,275,0,12,1,0.0,43.64,43.64
2008,Democratic,Chelsea Clinton,18,1,0,1,55.56,0.0,-55.56
2008,Democratic,Chester J. Culver,550,3,12,1,5.45,21.82,16.37
2008,Democratic,Chet Edwards,488,3,11,1,6.15,22.54,16.39
2008,Democratic,Chris Van Hollen,997,8,30,1,8.02,30.09,22.07
2008,Democratic,Chuck Schumer,608,0,18,1,0.0,29.61,29.61
2008,Democratic,Claire McCaskill,993,16,19,1,16.11,19.13,3.02
2008,Democratic,Claudia Kennedy,453,8,4,1,17.66,8.83,-8.83
2008,Democratic,Craig Robinson,726,18,8,1,24.79,11.02,-13.77
2008,Democratic,Daniel W. Hynes,271,16,8,1,59.04,29.52,-29.52
2008,Democratic,David Gipp,452,4,13,1,8.85,28.76,19.91
2008,Democratic,David Paterson,609,12,2,1,19.7,3.28,-16.42
2008,Democratic,Debbie Wasserman-Schultz,434,9,8,1,20.74,18.43,-2.31
2008,Democratic,Denise Williams,200,9,4,1,45.0,20.0,-25.0
2008,Democratic,Dennis Kucinich,464,0,5,1,0.0,10.78,10.78
2008,Democratic,Deval L. Patrick,1285,9,25,1,7.0,19.46,12.46
2008,Democratic,Diana L. Degette,389,1,17,1,2.57,43.7,41.13
2008,Democratic,Dick Durbin,459,2,13,1,4.36,28.32,23.96
2008,Democratic,Ed Perlmutter,298,4,8,1,13.42,26.85,13.43
2008,Democratic,Edward Kennedy,480,7,16,1,14.58,33.33,18.75
2008,Democratic,Edward Rendell,962,1,16,1,1.04,16.63,15.59
2008,Democratic,Eleanor Holmes Norton,380,0,7,1,0.0,18.42,18.42
2008,Democratic,Elijah Cummings,444,2,5,1,4.5,11.26,6.76
2008,Democratic,Emil Jones Jr.,264,7,4,1,26.52,15.15,-11.37
2008,Democratic,Evan Bayh,869,2,15,1,2.3,17.26,14.96
2008,Democratic,Federico F. Pena,702,3,23,1,4.27,32.76,28.49
2008,Democratic,Gloria Craven,362,11,11,1,30.39,30.39,0.0
2008,Democratic,Grace Napolitano,285,2,6,1,7.02,21.05,14.03
2008,Democratic,Harry Reid,1086,1,13,1,0.92,11.97,11.05
2008,Democratic,Hilda L. Solis,126,3,2,1,23.81,15.87,-7.94
2008,Democratic,Hillary Clinton,2282,18,25,1,7.89,10.96,3.07
2008,Democratic,Howard Dean,684,5,22,1,7.31,32.16,24.85
2008,Democratic,Jack Reed,830,3,10,1,3.61,12.05,8.44
2008,Democratic,James Clyburn,507,0,6,1,0.0,11.83,11.83
2008,Democratic,James Doyle,648,14,9,1,21.6,13.89,-7.71
2008,Democratic,Janet Monaco,191,8,2,1,41.88,10.47,-31.41
2008,Democratic,Janet Napolitano,734,12,13,1,16.35,17.71,1.36
2008,Democratic,Jay Rockefeller IV,963,18,26,1,18.69,27.0,8.31
2008,Democratic,Jeanne Shaheen,231,5,8,1,21.65,34.63,12.98
2008,Democratic,Jeff Merkley,276,9,3,1,32.61,10.87,-21.74
2008,Democratic,Jerry Kellman,458,4,4,1,8.73,8.73,0.0
2008,Democratic,Jesse Jackson Jr.,933,17,10,1,18.22,10.72,-7.5
2008,Democratic,Jim Leach,982,3,1,1,3.05,1.02,-2.03
2008,Democratic,Jim Whitaker,342,11,11,1,32.16,32.16,0.0
2008,Democratic,Joe Baca,597,7,11,1,11.73,18.43,6.7
2008,Democratic,Joe Biden,3227,66,54,2,20.45,16.73,-3.72
2008,Democratic,Joe Manchin,689,5,11,1,7.26,15.97,8.71
2008,Democratic,John Chiang,381,1,11,1,2.62,28.87,26.25
2008,Democratic,John Conyers,300,3,3,1,10.0,10.0,0.0
2008,Democratic,John D. Hutson,488,17,1,1,34.84,2.05,-32.79
2008,Democratic,John Kerry,1320,8,21,1,6.06,15.91,9.85
2008,Democratic,John L. Sweeney,461,0,4,1,0.0,8.68,8.68
2008,Democratic,John Lewis,479,4,16,1,8.35,33.4,25.05
2008,Democratic,John Salazar,208,3,3,1,14.42,14.42,0.0
2008,Democratic,John W Hickenlooper,494,4,11,1,8.1,22.27,14.17
2008,Democratic,Jonathan Schnur,297,7,5,1,23.57,16.84,-6.73
2008,Democratic,Jordan Apollo Pazell,222,9,3,1,40.54,13.51,-27.03
2008,Democratic,Jose E. Serrano,248,2,12,1,8.06,48.39,40.33
2008,Democratic,Judith McHale,707,5,25,1,7.07,35.36,28.29
2008,Democratic,Katherine Marcano,384,9,7,1,23.44,18.23,-5.21
2008,Democratic,Kathleen Sebelius,863,4,11,1,4.63,12.75,8.12
2008,Democratic,Kathy Anne Castor,131,4,1,1,30.53,7.63,-22.9
2008,Democratic,Ken Salazar,448,2,6,1,4.46,13.39,8.93
2008,Democratic,Kendrick Meek,210,3,1,1,14.29,4.76,-9.53
2008,Democratic,Laura D. Tyson,319,2,3,1,6.27,9.4,3.13
2008,Democratic,Lilly Ledbetter,586,26,9,1,44.37,15.36,-29.01
2008,Democratic,Linda T. Sanchez,469,10,4,1,21.32,8.53,-12.79
2008,Democratic,Lisa Madigan,367,8,2,1,21.8,5.45,-16.35
2008,Democratic,Lisa Olivares,228,5,2,1,21.93,8.77,-13.16
2008,Democratic,Lois Capps,134,1,4,1,7.46,29.85,22.39
2008,Democratic,Louise Slaughter,162,3,1,1,18.52,6.17,-12.35
2008,Democratic,Madeleine K. Albright,604,2,8,1,3.31,13.25,9.94
2008,Democratic,Manny Diaz,403,5,19,1,12.41,47.15,34.74
2008,Democratic,Mark Docherty,424,3,8,1,7.08,18.87,11.79
2008,Democratic,Mark R. Warner,2114,20,55,1,9.46,26.02,16.56
2008,Democratic,Mark Udall,437,0,12,1,0.0,27.46,27.46
2008,Democratic,Martin Luther King III,450,2,12,1,4.44,26.67,22.23
2008,Democratic,Maxine Waters,198,2,2,1,10.1,10.1,0.0
2008,Democratic,Maya Soetoro-ng,618,13,15,1,21.04,24.27,3.23
2008,Democratic,Michele S. Jones,475,7,2,1,14.74,4.21,-10.53
2008,Democratic,Michelle Obama,2285,29,21,1,12.69,9.19,-3.5
2008,Democratic,Miguel Del Valle,647,6,15,1,9.27,23.18,13.91
2008,Democratic,Mike Honda,417,4,6,1,9.59,14.39,4.8
2008,Democratic,Mike Wilson,397,9,4,1,22.67,10.08,-12.59
2008,Democratic,Monica Early,207,6,5,1,28.99,24.15,-4.84
2008,Democratic,Nancy Floyd,495,11,10,1,22.22,20.2,-2.02
2008,Democratic,Nancy Keenan,433,3,11,1,6.93,25.4,18.47
2008,Democratic,Nancy Pelosi,1407,7,24,2,4.98,17.06,12.08
2008,Democratic,Ned Helms,232,0,3,1,0.0,12.93,12.93
2008,Democratic,Nita Lowey,145,5,1,1,34.48,6.9,-27.58
2008,Democratic,Nydia M. Velazquez,462,0,4,1,0.0,8.66,8.66
2008,Democratic,Pamela Cash-Roper,219,9,6,1,41.1,27.4,-13.7
2008,Democratic,Patricia Madrid,734,3,32,1,4.09,43.6,39.51
2008,Democratic,Patrick J. Leahy,474,3,10,1,6.33,21.1,14.77
2008,Democratic,Patrick Murphy,475,5,15,1,10.53,31.58,21.05
2008,Democratic,Pauline Beck,257,5,1,1,19.46,3.89,-15.57
2008,Democratic,Quincy Lucas,146,3,0,1,20.55,0.0,-20.55
2008,Democratic,Rahm Emanuel,605,3,5,1,4.96,8.26,3.3
2008,Democratic,Randi Weingarten,450,5,9,1,11.11,20.0,8.89
2008,Democratic,Reginald Weaver,452,7,8,1,15.49,17.7,2.21
2008,Democratic,Richard M. Daley,392,3,3,1,7.65,7.65,0.0
2008,Democratic,Robert Wexler,517,1,5,1,1.93,9.67,7.74
2008,Democratic,Robin Golden,402,25,4,1,62.19,9.95,-52.24
2008,Democratic,Rosa DeLauro,130,2,1,1,15.38,7.69,-7.69
2008,Democratic,Roy Gross,230,12,2,1,52.17,8.7,-43.47
2008,Democratic,Scott Gration,631,20,7,1,31.7,11.09,-20.61
2008,Democratic,Sherrod Brown,437,1,5,1,2.29,11.44,9.15
2008,Democratic,Silvestre Reyes,318,4,6,1,12.58,18.87,6.29
2008,Democratic,Steny Hoyer,702,2,31,1,2.85,44.16,41.31
2008,Democratic,Susan Eisenhower,478,3,10,1,6.28,20.92,14.64
2008,Democratic,Tammy Baldwin,415,3,7,1,7.23,16.87,9.64
2008,Democratic,Tammy Duckworth,833,15,17,1,18.01,20.41,2.4
2008,Democratic,Ted Strickland,947,7,11,1,7.39,11.62,4.23
2008,Democratic,Teresa Asenap,197,4,3,1,20.3,15.23,-5.07
2008,Democratic,Theodore Sorensen,449,3,8,1,6.68,17.82,11.14
2008,Democratic,Thomas Balanoff,410,2,1,1,4.88,2.44,-2.44
2008,Democratic,Tim Kaine,727,7,20,1,9.63,27.51,17.88
2008,Democratic,Tom Allen,217,3,6,1,13.82,27.65,13.83
2008,Democratic,Tom Daschle,584,4,18,1,6.85,30.82,23.97
2008,Democratic,Tom Harkin,267,0,5,1,0.0,18.73,18.73
2008,Democratic,Tom Udall,152,1,4,1,6.58,26.32,19.74
2008,Democratic,Xavier Becerra,454,6,7,1,13.22,15.42,2.2
2008,Republican,Aaron Schock,269,11,2,1,40.89,7.43,-33.46
2008,Republican,Abel Maldonado,577,3,9,1,5.2,15.6,10.4
2008,Republican,Anne Beiler,932,22,10,1,23.61,10.73,-12.88
2008,Republican,Ashley Gunn,461,10,3,1,21.69,6.51,-15.18
2008,Republican,Bill Frist,651,8,1,1,12.29,1.54,-10.75
2008,Republican,Bill Gross,472,6,2,1,12.71,4.24,-8.47
2008,Republican,Bob Riley,231,6,2,1,25.97,8.66,-17.31
2008,Republican,Bryan Clay,431,18,4,1,41.76,9.28,-32.48
2008,Republican,Carly Fiorina,1077,17,17,1,15.78,15.78,0.0
2008,Republican,Carol Mutter,414,8,9,1,19.32,21.74,2.42
2008,Republican,Carolyn Doneunn,445,8,4,1,17.98,8.99,-8.99
2008,Republican,Charlie Crist,149,3,4,1,20.13,26.85,6.72
2008,Republican,Charlie Summers,235,7,1,1,29.79,4.26,-25.53
2008,Republican,Chris Collins,364,5,4,1,13.74,10.99,-2.75
2008,Republican,Christy Swanson,367,13,3,1,35.42,8.17,-27.25
2008,Republican,Cindy McCain,2204,44,12,2,19.96,5.44,-14.52
2008,Republican,David Capiello,202,5,1,1,24.75,4.95,-19.8
2008,Republican,Elena Rios,801,10,8,1,12.48,9.99,-2.49
2008,Republican,Eric Paulsen,271,8,5,1,29.52,18.45,-11.07
2008,Republican,Father Johnson,249,0,3,1,0.0,12.05,12.05
2008,Republican,Fred Thompson,2524,16,36,1,6.34,14.26,7.92
2008,Republican,George W. Bush,874,17,8,1,19.45,9.15,-10.3
2008,Republican,Haley Barbour,204,5,12,1,24.51,58.82,34.31
2008,Republican,Jay Love,179,4,2,1,22.35,11.17,-11.18
2008,Republican,Joe Gibbs,682,28,11,1,41.06,16.13,-24.93
2008,Republican,John Boehner,619,7,10,1,11.31,16.16,4.85
2008,Republican,John Ensign,751,5,18,1,6.66,23.97,17.31
2008,Republican,John McCain,4350,153,87,1,35.17,20.0,-15.17
2008,Republican,Jon Huntsman,334,1,12,1,2.99,35.93,32.94
2008,Republican,Joseph Lieberman,1850,39,21,1,21.08,11.35,-9.73
2008,Republican,Joseph Watkins,322,2,7,1,6.21,21.74,15.53
2008,Republican,Kevin McCarthy,556,3,17,1,5.4,30.58,25.18
2008,Republican,Laura Bush,1422,23,15,2,16.17,10.55,-5.62
2008,Republican,Leslie Smith,479,28,4,1,58.46,8.35,-50.11
2008,Republican,Linda Lingle,1037,15,0,1,14.46,0.0,-14.46
2008,Republican,Lindsey Graham,799,5,11,1,6.26,13.77,7.51
2008,Republican,Lisa Graham Keegan,284,3,1,1,10.56,3.52,-7.04
2008,Republican,Luis Fortuno,260,1,6,1,3.85,23.08,19.23
2008,Republican,Margaret Whitman,1107,13,9,1,11.74,8.13,-3.61
2008,Republican,Marsha Blackburn,435,8,8,1,18.39,18.39,0.0
2008,Republican,Mary Fallin,540,3,9,1,5.56,16.67,11.11
2008,Republican,Mel Martinez,546,2,14,1,3.66,25.64,21.98
2008,Republican,Michael L. Williams,542,6,4,1,11.07,7.38,-3.69
2008,Republican,Michael S. Steele,789,1,9,1,1.27,11.41,10.14
2008,Republican,Michele Bachmann,603,4,14,1,6.63,23.22,16.59
2008,Republican,Mike Duncan,15,0,0,1,0.0,0.0,0.0
2008,Republican,Mike Huckabee,1530,33,13,1,21.57,8.5,-13.07
2008,Republican,Miles McPherson,605,10,9,1,16.53,14.88,-1.65
2008,Republican,Mitch McConnell,679,4,1,2,5.89,1.47,-4.42
2008,Republican,Mitt Romney,1095,6,13,1,5.48,11.87,6.39
2008,Republican,Norm Coleman,1317,15,37,2,11.39,28.09,16.7
2008,Republican,Renee Amoore,559,13,0,1,23.26,0.0,-23.26
2008,Republican,Richard Burr,364,1,8,1,2.75,21.98,19.23
2008,Republican,Rick Perry,217,4,7,1,18.43,32.26,13.83
2008,Republican,Robert Certain,288,0,5,1,0.0,17.36,17.36
2008,Republican,Rosario Marin,447,16,1,1,35.79,2.24,-33.55
2008,Republican,Rudy Giuliani,2360,26,21,1,11.02,8.9,-2.12
2008,Republican,Sam Brownback,765,5,29,1,6.54,37.91,31.37
2008,Republican,Sarah Palin,3123,56,31,1,17.93,9.93,-8.0
2008,Republican,Shanna Hanson,416,7,3,1,16.83,7.21,-9.62
2008,Republican,Tim Pawlenty,590,9,12,1,15.25,20.34,5.09
2008,Republican,Tom Cole,226,0,4,1,0.0,17.7,17.7
2008,Republican,Tom Ridge,1041,15,13,1,14.41,12.49,-1.92
2008,Republican,Tommy Espinoza,408,10,2,1,24.51,4.9,-19.61
2008,Republican,Wes Gullet And Nikki,552,11,7,1,19.93,12.68,-7.25
2012,Democratic,Al Green,226,2,9,1,8.85,39.82,30.97
2012,Democratic,Alejandra C. Salinas,259,1,5,1,3.86,19.31,15.45
2012,Democratic,Allyson Y. Schwartz,154,2,1,1,12.99,6.49,-6.5
2012,Democratic,Angie Flores,360,10,2,1,27.78,5.56,-22.22
2012,Democratic,Anthony R. Foxx,415,8,11,1,19.28,26.51,7.23
2012,Democratic,Antonio Villaraigosa,989,14,20,2,14.16,20.22,6.06
2012,Democratic,Arne Duncan,413,1,2,1,2.42,4.84,2.42
2012,Democratic,Austin Ligon,366,6,5,1,16.39,13.66,-2.73
2012,Democratic,Barack Obama,4670,84,102,1,17.99,21.84,3.85
2012,Democratic,Barbara Lee,506,2,17,1,3.95,33.6,29.65
2012,Democratic,Barbara Mikulski,612,7,26,1,11.44,42.48,31.04
2012,Democratic,Barney Frank,1042,13,28,1,12.48,26.87,14.39
2012,Democratic,Beau Biden,585,17,8,1,29.06,13.68,-15.38
2012,Democratic,Benita Veliz,218,11,3,1,50.46,13.76,-36.7
2012,Democratic,Beverly Perdue,482,0,13,1,0.0,26.97,26.97
2012,Democratic,Bill Butcher,262,13,4,1,49.62,15.27,-34.35
2012,Democratic,Bill Clinton,3188,32,38,1,10.04,11.92,1.88
2012,Democratic,Bob King,638,3,5,1,4.7,7.84,3.14
2012,Democratic,Brian Schweitzer,786,7,17,1,8.91,21.63,12.72
2012,Democratic,Carol Berman,295,6,6,1,20.34,20.34,0.0
2012,Democratic,Caroline Kennedy,734,10,8,1,13.62,10.9,-2.72
2012,Democratic,Carolyn Maloney,189,2,3,1,10.58,15.87,5.29
2012,Democratic,Cecile Richards,794,2,23,1,2.52,28.97,26.45
2012,Democratic,Charlie Crist,716,17,7,1,23.74,9.78,-13.96
2012,Democratic,Charlie Gonzalez,801,2,12,1,2.5,14.98,12.48
2012,Democratic,Chris Van Hollen,801,6,7,1,7.49,8.74,1.25
2012,Democratic,Chuck Schumer,804,4,10,1,4.98,12.44,7.46
2012,Democratic,Cindy Hewitt,256,3,5,1,11.72,19.53,7.81
2012,Democratic,Claudia Kennedy,171,5,2,1,29.24,11.7,-17.54
2012,Democratic,Cory Booker,852,0,11,1,0.0,12.91,12.91
2012,Democratic,Cristina Saralegui,819,16,6,1,19.54,7.33,-12.21
2012,Democratic,Dannel P. Malloy,741,1,13,1,1.35,17.54,16.19
2012,Democratic,David E. Price,134,2,7,1,14.93,52.24,37.31
2012,Democratic,David Foster,340,9,5,1,26.47,14.71,-11.76
2012,Democratic,Debbie Wasserman-Schultz,700,26,4,1,37.14,5.71,-31.43
2012,Democratic,Denise Juneau,632,6,4,1,9.49,6.33,-3.16
2012,Democratic,Deval L. Patrick,1298,7,37,1,5.39,28.51,23.12
2012,Democratic,Diana DeGette,660,4,11,1,6.06,16.67,10.61
2012,Democratic,Dick Durbin,571,13,8,1,22.77,14.01,-8.76
2012,Democratic,Donna F. Edwards,435,21,1,1,48.28,2.3,-45.98
2012,Democratic,Doug Stern,565,7,12,1,12.39,21.24,8.85
2012,Democratic,Edward Meagher,259,6,3,1,23.17,11.58,-11.59
2012,Democratic,Elaine Lowry Brye,300,12,2,1,40.0,6.67,-33.33
2012,Democratic,Elizabeth Ann Bruce,272,15,0,1,55.15,0.0,-55.15
2012,Democratic,Elizabeth Warren,1355,22,31,1,16.24,22.88,6.64
2012,Democratic,Emanuel Cleaver,802,12,30,1,14.96,37.41,22.45
2012,Democratic,Eric Shinseki,391,6,9,1,15.35,23.02,7.67
2012,Democratic,Eva Longoria Baston,616,18,8,1,29.22,12.99,-16.23
2012,Democratic,G.K. Butterfield,135,0,6,1,0.0,44.44,44.44
2012,Democratic,Gwen Moore,138,2,1,1,14.49,7.25,-7.24
2012,Democratic,Harry Reid,827,4,17,1,4.84,20.56,15.72
2012,Democratic,Harvey B Gantt,141,1,3,1,7.09,21.28,14.19
2012,Democratic,Jack A. Markell,683,16,8,1,23.43,11.71,-11.72
2012,Democratic,James Clyburn,518,1,4,1,1.93,7.72,5.79
2012,Democratic,James E. Rogers,460,8,17,1,17.39,36.96,19.57
2012,Democratic,Jared Polis,603,8,16,1,13.27,26.53,13.26
2012,Democratic,Jason A. Crow,298,12,1,1,40.27,3.36,-36.91
2012,Democratic,Jennifer M. Granholm,570,10,2,1,17.54,3.51,-14.03
2012,Democratic,Jill Biden,604,23,0,1,38.08,0.0,-38.08
2012,Democratic,Jim Hunt,695,7,20,1,10.07,28.78,18.71
2012,Democratic,Jim Messina,357,5,7,1,14.01,19.61,5.6
2012,Democratic,Jim Sinegal,733,12,21,1,16.37,28.65,12.28
2012,Democratic,Jimmy Carter,634,12,4,1,18.93,6.31,-12.62
2012,Democratic,Joaquin Castro,231,4,3,1,17.32,12.99,-4.33
2012,Democratic,Joe Biden,3035,51,52,1,16.8,17.13,0.33
2012,Democratic,Joe Kennedy III,327,2,7,1,6.12,21.41,15.29
2012,Democratic,Johanny Adames,216,6,1,1,27.78,4.63,-23.15
2012,Democratic,John B. Larson,684,6,6,1,8.77,8.77,0.0
2012,Democratic,John B. Nathman,593,6,4,1,10.12,6.75,-3.37
2012,Democratic,John Hickenlooper,726,7,31,1,9.64,42.7,33.06
2012,Democratic,John Kerry,1247,3,16,1,2.41,12.83,10.42
2012,Democratic,John Lewis,555,12,20,1,21.62,36.04,14.42
2012,Democratic,John Perez,608,1,15,1,1.64,24.67,23.03
2012,Democratic,Joyce Beatty,153,2,1,1,13.07,6.54,-6.53
2012,Democratic,Judy Chu,570,3,5,1,5.26,8.77,3.51
2012,Democratic,Julian Castro,2131,25,37,1,11.73,17.36,5.63
2012,Democratic,Kal Penn,678,22,12,1,32.45,17.7,-14.75
2012,Democratic,Kamala Harris,660,9,12,1,13.64,18.18,4.54
2012,Democratic,Karen Bass,224,0,4,1,0.0,17.86,17.86
2012,Democratic,Karen Eusanio,281,8,10,1,28.47,35.59,7.12
2012,Democratic,Karen Mills,395,0,2,1,0.0,5.06,5.06
2012,Democratic,Kathleen Sebelius,901,4,0,1,4.44,0.0,-4.44
2012,Democratic,Kay R Hagan,520,4,13,1,7.69,25.0,17.31
2012,Democratic,Ken Myers,416,7,10,1,16.83,24.04,7.21
2012,Democratic,Ken Salazar,842,6,9,1,7.13,10.69,3.56
2012,Democratic,Kenyetta Jones,316,4,1,1,12.66,3.16,-9.5
2012,Democratic,Kerry Washington,336,6,13,1,17.86,38.69,20.83
2012,Democratic,Lilly Ledbetter,625,13,8,1,20.8,12.8,-8.0
2012,Democratic,Lincoln Chafee,907,7,22,1,7.72,24.26,16.54
2012,Democratic,Luis Gutiérrez,665,0,15,1,0.0,22.56,22.56
2012,Democratic,Maria Ciano,233,11,3,1,47.21,12.88,-34.33
2012,Democratic,Martin O'Malley,991,1,11,1,1.01,11.1,10.09
2012,Democratic,Mary Kay Henry,555,3,11,1,5.41,19.82,14.41
2012,Democratic,Mel Watt,125,1,0,1,8.0,0.0,-8.0
2012,Democratic,Michael A. Nutter,606,12,8,1,19.8,13.2,-6.6
2012,Democratic,Michelle Obama,2978,64,43,2,21.49,14.44,-7.05
2012,Democratic,Nancy Keenan,693,12,14,1,17.32,20.2,2.88
2012,Democratic,Nancy Pelosi,852,3,16,2,3.52,18.78,15.26
2012,Democratic,Nathan Davis,293,9,1,1,30.72,3.41,-27.31
2012,Democratic,Nydia Velazquez,539,5,3,1,9.28,5.57,-3.71
2012,Democratic,Pat Quinn,660,4,4,1,6.06,6.06,0.0
2012,Democratic,Patty Murray,564,6,7,1,10.64,12.41,1.77
2012,Democratic,Pedro Pierluisi,342,2,6,1,5.85,17.54,11.69
2012,Democratic,R. T. Rybak,979,7,12,1,7.15,12.26,5.11
2012,Democratic,Rahm Emanuel,1255,14,17,1,11.16,13.55,2.39
2012,Democratic,Randy Johnson,260,9,4,1,34.62,15.38,-19.24
2012,Democratic,Richard Trumka,551,3,14,1,5.44,25.41,19.97
2012,Democratic,Robert Wexler,563,1,0,1,1.78,0.0,-1.78
2012,Democratic,Rosa DeLauro,130,1,2,1,7.69,15.38,7.69
2012,Democratic,Ryan Case,269,13,4,1,48.33,14.87,-33.46
2012,Democratic,Sandra Fluke,572,4,17,1,6.99,29.72,22.73
2012,Democratic,Scarlett Johansson,418,17,9,1,40.67,21.53,-19.14
2012,Democratic,Simone Campbell,707,13,13,1,18.39,18.39,0.0
2012,Democratic,Stacey Lihn,238,2,6,1,8.4,25.21,16.81
2012,Democratic,Steny Hoyer,780,1,13,1,1.28,16.67,15.39
2012,Democratic,Steve Israel,603,0,15,1,0.0,24.88,24.88
2012,Democratic,Steven P. Westly,583,4,13,1,6.86,22.3,15.44
2012,Democratic,Tammy Baldwin,586,15,8,1,25.6,13.65,-11.95
2012,Democratic,Tammy Duckworth,818,13,16,1,15.89,19.56,3.67
2012,Democratic,Ted Strickland,929,1,3,1,1.08,3.23,2.15
2012,Democratic,Thomas M. Menino,617,5,14,1,8.1,22.69,14.59
2012,Democratic,Tim Kaine,783,8,29,1,10.22,37.04,26.82
2012,Democratic,Tom Steyer,821,9,16,1,10.96,19.49,8.53
2012,Democratic,Tom Vilsack,453,1,8,1,2.21,17.66,15.45
2012,Democratic,Tulsi Gabbard,178,4,0,1,22.47,0.0,-22.47
2012,Democratic,Walter H. Dalton,142,3,2,1,21.13,14.08,-7.05
2012,Democratic,Xavier Becerra,425,1,7,1,2.35,16.47,14.12
2012,Democratic,Zach Walls,289,8,7,1,27.68,24.22,-3.46
2012,Republican,Al Austin,683,7,11,1,10.25,16.11,5.86
2012,Republican,Alex Schriver,243,3,10,1,12.35,41.15,28.8
2012,Republican,Andy Barr,229,5,1,1,21.83,4.37,-17.46
2012,Republican,Ann Romney,2341,49,32,1,20.93,13.67,-7.26
2012,Republican,Arthur Davis,1124,10,22,1,8.9,19.57,10.67
2012,Republican,Barbara Comstock,394,2,3,1,5.08,7.61,2.53
2012,Republican,Bev Gray,196,5,5,1,25.51,25.51,0.0
2012,Republican,Bob Buckhorn,312,5,8,1,16.03,25.64,9.61
2012,Republican,Bob White,777,13,20,1,16.73,25.74,9.01
2012,Republican,Brian Sandoval,828,20,9,1,24.15,10.87,-13.28
2012,Republican,Cathy McMorris Rodgers,1177,15,41,3,12.74,34.83,22.09
2012,Republican,Chris Christie,2638,39,71,1,14.78,26.91,12.13
2012,Republican,Chris Fussner,176,2,0,1,11.36,0.0,-11.36
2012,Republican,Christopher Devlin-young,188,2,1,1,10.64,5.32,-5.32
2012,Republican,Clint Eastwood,1257,69,22,1,54.89,17.5,-37.39
2012,Republican,Condoleezza Rice,1899,9,50,1,4.74,26.33,21.59
2012,Republican,Connie Mack,598,2,12,1,3.34,20.07,16.73
2012,Republican,Craig Romney,207,3,3,1,14.49,14.49,0.0
2012,Republican,Dan Benishek,228,7,6,1,30.7,26.32,-4.38
2012,Republican,David Rouzer,201,0,6,1,0.0,29.85,29.85
2012,Republican,Deb Fischer,295,9,15,1,30.51,50.85,20.34
2012,Republican,Derek Parra,753,31,3,1,41.17,3.98,-37.19
2012,Republican,Franctz,196,13,0,1,66.33,0.0,-66.33
2012,Republican,Grant Bennett,629,12,5,1,19.08,7.95,-11.13
2012,Republican,Jack Gilchrist,327,5,9,1,15.29,27.52,12.23
2012,Republican,Jackie Walorski,291,4,13,1,13.75,44.67,30.92
2012,Republican,Jane Edmonds,522,13,0,1,24.9,0.0,-24.9
2012,Republican,Janine Turner,504,6,2,1,11.9,3.97,-7.93
2012,Republican,Jason Chaffetz,250,1,7,1,4.0,28.0,24.0
2012,Republican,Jeanine McDonnell,169,2,5,1,11.83,29.59,17.76
2012,Republican,Jeb Bush,1531,12,27,1,7.84,17.64,9.8
2012,Republican,John Archer,297,1,20,1,3.37,67.34,63.97
2012,Republican,John Boehner,924,8,24,1,8.66,25.97,17.31
2012,Republican,John H. Sununu,404,1,11,1,2.48,27.23,24.75
2012,Republican,John Hoeven,398,0,10,1,0.0,25.13,25.13
2012,Republican,John Kasich,1362,21,55,1,15.42,40.38,24.96
2012,Republican,John McCain,1461,14,33,1,9.58,22.59,13.01
2012,Republican,John Thune,754,10,5,1,13.26,6.63,-6.63
2012,Republican,Keith J. Rothfus,240,1,2,1,4.17,8.33,4.16
2012,Republican,Kelly Ayotte,750,13,13,1,17.33,17.33,0.0
2012,Republican,Kerry Healey,634,6,6,1,9.46,9.46,0.0
2012,Republican,Kim Rhode,518,11,7,1,21.24,13.51,-7.73
2012,Republican,Lisa Stickan,203,1,7,1,4.93,34.48,29.55
2012,Republican,Luce Vela Gutierrez,331,5,1,1,15.11,3.02,-12.09
2012,Republican,Luis Fortuno,787,10,27,1,12.71,34.31,21.6
2012,Republican,Marco Rubio,2292,32,45,1,13.96,19.63,5.67
2012,Republican,Mark Meadows,227,3,18,1,13.22,79.3,66.08
2012,Republican,Marsha Blackburn,382,3,5,1,7.85,13.09,5.24
2012,Republican,Mary Fallin,916,2,9,1,2.18,9.83,7.65
2012,Republican,Mia Love,349,7,9,1,20.06,25.79,5.73
2012,Republican,Mick Cornett,286,1,17,1,3.5,59.44,55.94
2012,Republican,Mike Eruzione,345,4,1,1,11.59,2.9,-8.69
2012,Republican,Mike Huckabee,1762,32,41,1,18.16,23.27,5.11
2012,Republican,Mitch McConnell,949,4,26,1,4.21,27.4,23.19
2012,Republican,Mitt Romney,4123,63,65,1,15.28,15.77,0.49
2012,Republican,Newt Gingrich,645,0,6,1,0.0,9.3,9.3
2012,Republican,Nikki Haley,1187,8,35,1,6.74,29.49,22.75
2012,Republican,Pam Bondi,221,0,0,1,0.0,0.0,0.0
2012,Republican,Pam Finlayson,686,14,10,1,20.41,14.58,-5.83
2012,Republican,Paul Ryan,3251,40,62,1,12.3,19.07,6.77
2012,Republican,Pete Sessions,241,4,5,1,16.6,20.75,4.15
2012,Republican,Phil Archuletta,246,6,0,1,24.39,0.0,-24.39
2012,Republican,Quico Canseco,169,3,6,1,17.75,35.5,17.75
2012,Republican,Rae Lynne Chornenky,207,1,1,1,4.83,4.83,0.0
2012,Republican,Rand Paul,1595,11,19,1,6.9,11.91,5.01
2012,Republican,Ray Fernandez,306,9,5,1,29.41,16.34,-13.07
2012,Republican,Reince Priebus,1484,10,43,1,6.74,28.98,22.24
2012,Republican,Richard Hudson,245,4,1,1,16.33,4.08,-12.25
2012,Republican,Rick Berg,217,0,5,1,0.0,23.04,23.04
2012,Republican,Rick Santorum,1442,18,14,1,12.48,9.71,-2.77
2012,Republican,Ricky Gill,211,1,10,1,4.74,47.39,42.65
2012,Republican,Rob J. Portman,1386,11,16,1,7.94,11.54,3.6
2012,Republican,Robert McDonnell,1453,7,26,1,4.82,17.89,13.07
2012,Republican,Samuel Olens,237,0,6,1,0.0,25.32,25.32
2012,Republican,Samuel Olens & Pam Bondi,257,0,3,1,0.0,11.67,11.67
2012,Republican,Scott Walker,746,2,12,1,2.68,16.09,13.41
2012,Republican,Sean Duffy,392,5,7,2,12.76,17.86,5.1
2012,Republican,Sharon Day,663,6,20,1,9.05,30.17,21.12
2012,Republican,Sher Valenzuela,967,15,22,1,15.51,22.75,7.24
2012,Republican,Stephanie,121,1,4,1,8.26,33.06,24.8
2012,Republican,Steve Cohen,286,1,5,1,3.5,17.48,13.98
2012,Republican,Steve Daines,226,4,6,1,17.7,26.55,8.85
2012,Republican,Steve King,331,4,5,1,12.08,15.11,3.03
2012,Republican,Susana Martinez,1046,33,16,1,31.55,15.3,-16.25
2012,Republican,Tad True,394,2,10,1,5.08,25.38,20.3
2012,Republican,Ted And Pad Oparowski,567,2,12,1,3.53,21.16,17.63
2012,Republican,Ted Cruz,1006,5,19,1,4.97,18.89,13.92
2012,Republican,Tim Griffin,248,6,8,1,24.19,32.26,8.07
2012,Republican,Tim Pawlenty,956,17,8,1,17.78,8.37,-9.41
2012,Republican,Tim Scott,210,5,1,1,23.81,4.76,-19.05
2012,Republican,Tom Stemberg,788,13,1,1,16.5,1.27,-15.23
2012,Republican,William Harris,308,8,2,1,25.97,6.49,-19.48
2016,Democratic,Adam B. Schiff,348,1,9,1,2.87,25.86,22.99
2016,Democratic,Adriano Espaillat,209,4,4,1,19.14,19.14,0.0
2016,Democratic,Al Franken,642,15,5,1,23.36,7.79,-15.57
2016,Democratic,Al Franken & Sarah Silverman,273,16,9,1,58.61,32.97,-25.64
2016,Democratic,Alison Lundergan Grimes,488,15,3,1,30.74,6.15,-24.59
2016,Democratic,America Ferrera,126,4,1,1,31.75,7.94,-23.81
2016,Democratic,Ami Bera,54,2,0,1,37.04,0.0,-37.04
2016,Democratic,Amy Klobuchar,759,6,7,2,7.91,9.22,1.31
2016,Democratic,Anastasia Somoza,304,8,5,1,26.32,16.45,-9.87
2016,Democratic,Andre D. Carson,184,3,4,1,16.3,21.74,5.44
2016,Democratic,Andrew Cuomo,1483,9,69,1,6.07,46.53,40.46
2016,Democratic,Andrew Gillum,602,12,9,1,19.93,14.95,-4.98
2016,Democratic,Angela Bassett,184,4,3,1,21.74,16.3,-5.44
2016,Democratic,Anton Moore,135,2,1,1,14.81,7.41,-7.4
2016,Democratic,Antonio Villaraigosa,455,4,10,1,8.79,21.98,13.19
2016,Democratic,Astrid Silva,241,12,4,1,49.79,16.6,-33.19
2016,Democratic,Bakari T. Sellers,400,11,6,1,27.5,15.0,-12.5
2016,Democratic,Barack Obama,4161,60,65,1,14.42,15.62,1.2
2016,Democratic,Barbara Boxer,904,14,22,2,15.49,24.34,8.85
2016,Democratic,Barbara Mikulski,662,16,7,2,24.17,10.57,-13.6
2016,Democratic,Barbara Owns,143,0,5,1,0.0,34.97,34.97
2016,Democratic,Ben Ray Lujan,903,15,20,1,16.61,22.15,5.54
2016,Democratic,Benjamin Todd Jealous,580,7,19,1,12.07,32.76,20.69
2016,Democratic,Bernie Sanders,2139,22,28,1,10.29,13.09,2.8
2016,Democratic,Beth Mathias,243,8,9,1,32.92,37.04,4.12
2016,Democratic,Bill Clinton,5087,111,46,1,21.82,9.04,-12.78
2016,Democratic,Bill De Blasio Jr.,688,4,3,1,5.81,4.36,-1.45
2016,Democratic,Bob Casey,582,2,5,1,3.44,8.59,5.15
2016,Democratic,Bobby Scott,237,9,1,1,37.97,4.22,-33.75
2016,Democratic,Bonnie Watson Coleman,142,1,4,1,7.04,28.17,21.13
2016,Democratic,Brendan Boyle,355,2,5,1,5.63,14.08,8.45
2016,Democratic,Brooks Bell,490,16,8,1,32.65,16.33,-16.32
2016,Democratic,Cameron Mclay,450,3,13,1,6.67,28.89,22.22
2016,Democratic,Capt. Florent Groberg,260,8,4,1,30.77,15.38,-15.39
2016,Democratic,Cecile Richards,523,1,1,1,1.91,1.91,0.0
2016,Democratic,Cedric Richmond,346,7,14,1,20.23,40.46,20.23
2016,Democratic,Chad Griffin,355,3,7,1,8.45,19.72,11.27
2016,Democratic,Charles H. Ramsey,517,9,7,1,17.41,13.54,-3.87
2016,Democratic,Chelsea Clinton,1198,38,7,1,31.72,5.84,-25.88
2016,Democratic,Cheryl Lankford,364,12,0,1,32.97,0.0,-32.97
2016,Democratic,Chloe Grace Moretz,323,7,5,1,21.67,15.48,-6.19
2016,Democratic,Christine Leinonen,250,10,0,1,40.0,0.0,-40.0
2016,Democratic,Christopher Murphy,864,27,5,1,31.25,5.79,-25.46
2016,Democratic,Chuck Schumer,618,10,6,1,16.18,9.71,-6.47
2016,Democratic,Claire McCaskill,157,3,1,1,19.11,6.37,-12.74
2016,Democratic,Cory Booker,2344,22,76,1,9.39,32.42,23.03
2016,Democratic,Crisanta Duran,367,7,5,1,19.07,13.62,-5.45
2016,Democratic,Dan Malloy,1011,5,35,1,4.95,34.62,29.67
2016,Democratic,Daniel Driffin,382,7,10,1,18.32,26.18,7.86
2016,Democratic,Daniele Mellott,116,2,2,1,17.24,17.24,0.0
2016,Democratic,Dave Wils,249,9,4,1,36.14,16.06,-20.08
2016,Democratic,David Banks,266,1,5,1,3.76,18.8,15.04
2016,Democratic,Debbie Almontaser,69,4,0,1,57.97,0.0,-57.97
2016,Democratic,Debbie Stabenow,121,4,0,1,33.06,0.0,-33.06
2016,Democratic,Debra Messing,177,1,3,1,5.65,16.95,11.3
2016,Democratic,Demi Lovato,240,8,2,1,33.33,8.33,-25.0
2016,Democratic,Diane Russell,734,12,26,1,16.35,35.42,19.07
2016,Democratic,Dolores Huerta,443,6,20,1,13.54,45.15,31.61
2016,Democratic,Donna Brazile,494,22,3,1,44.53,6.07,-38.46
2016,Democratic,Doris O. Matsui,156,1,4,1,6.41,25.64,19.23
2016,Democratic,Doug Elmets,342,13,0,1,38.01,0.0,-38.01
2016,Democratic,Dulce Candy,78,4,2,1,51.28,25.64,-25.64
2016,Democratic,Dustin Parsons,116,3,0,1,25.86,0.0,-25.86
2016,Democratic,Dynah Haubert,113,2,0,1,17.7,0.0,-17.7
2016,Democratic,Eleanor Holmes Norton,357,2,9,1,5.6,25.21,19.61
2016,Democratic,Elijah Cummings,766,12,9,1,15.67,11.75,-3.92
2016,Democratic,Elizabeth Banks,1279,39,18,1,30.49,14.07,-16.42
2016,Democratic,Elizabeth Warren,2233,16,44,2,7.17,19.7,12.53
2016,Democratic,Emanuel Cleaver II,429,2,6,1,4.66,13.99,9.33
2016,Democratic,Eric Garcetti,695,8,19,1,11.51,27.34,15.83
2016,Democratic,Eric Holder,745,8,14,1,10.74,18.79,8.05
2016,Democratic,Erica Smegielski,227,9,5,1,39.65,22.03,-17.62
2016,Democratic,Erika Alexander,195,4,2,1,20.51,10.26,-10.25
2016,Democratic,Eva Longoria,324,10,2,1,30.86,6.17,-24.69
2016,Democratic,Felicia Sanders,135,5,3,1,37.04,22.22,-14.82
2016,Democratic,G.K. Butterfield,167,1,3,1,5.99,17.96,11.97
2016,Democratic,Gabrielle Giffords,100,5,1,1,50.0,10.0,-40.0
2016,Democratic,Gavin Newsom,555,5,14,1,9.01,25.23,16.22
2016,Democratic,Gen. John Allen,741,8,22,1,10.8,29.69,18.89
2016,Democratic,Gene Karpinski,415,3,9,1,7.23,21.69,14.46
2016,Democratic,Geneva Reed-veal,267,4,5,1,14.98,18.73,3.75
2016,Democratic,Grace Meng,156,3,4,1,19.23,25.64,6.41
2016,Democratic,Gregory Meeks,169,4,1,1,23.67,5.92,-17.75
2016,Democratic,Gwen Moore,424,11,9,1,25.94,21.23,-4.71
2016,Democratic,Hakeem Jeffries,186,1,3,1,5.38,16.13,10.75
2016,Democratic,Harry Reid,646,13,11,1,20.12,17.03,-3.09
2016,Democratic,Henrietta Ivey,257,18,3,1,70.04,11.67,-58.37
2016,Democratic,Hillary Clinton,5248,80,115,1,15.24,21.91,6.67
2016,Democratic,Howard Dean M.d.,664,3,12,1,4.52,18.07,13.55
2016,Democratic,Ilyse Hogue,513,7,14,1,13.65,27.29,13.64
2016,Democratic,Ima Matul,250,16,1,1,64.0,4.0,-60.0
2016,Democratic,Jaime Harrison,410,3,9,1,7.32,21.95,14.63
2016,Democratic,Jake Reed,121,5,9,1,41.32,74.38,33.06
2016,Democratic,James Clyburn,561,2,12,1,3.57,21.39,17.82
2016,Democratic,Jamie Dorff,320,15,0,1,46.88,0.0,-46.88
2016,Democratic,Jan Schakowsky,157,1,1,1,6.37,6.37,0.0
2016,Democratic,Jarron Collins,195,4,1,1,20.51,5.13,-15.38
2016,Democratic,Jason Collins,236,8,1,1,33.9,4.24,-29.66
2016,Democratic,Jason J. Carter,240,2,1,1,8.33,4.17,-4.16
2016,Democratic,Jeanne Shaheen,657,4,6,2,6.09,9.13,3.04
2016,Democratic,Jeff Grubbe,41,2,1,1,48.78,24.39,-24.39
2016,Democratic,Jeff Merkley,616,8,14,1,12.99,22.73,9.74
2016,Democratic,Jelani Freeman,272,8,0,1,29.41,0.0,-29.41
2016,Democratic,Jennifer Granholm,647,11,22,1,17.0,34.0,17.0
2016,Democratic,Jennifer Loudon,217,4,0,1,18.43,0.0,-18.43
2016,Democratic,Jennifer Pierotti,298,10,2,1,33.56,6.71,-26.85
2016,Democratic,Jensen Walcott,141,8,5,1,56.74,35.46,-21.28
2016,Democratic,Jerry Brown Jr.,543,5,9,1,9.21,16.57,7.36
2016,Democratic,Jesse Jackson,398,2,14,1,5.03,35.18,30.15
2016,Democratic,Jesse Lipson,430,15,4,1,34.88,9.3,-25.58
2016,Democratic,Jill Biden,250,4,3,1,16.0,12.0,-4.0
2016,Democratic,Jim Kenney,369,3,8,1,8.13,21.68,13.55
2016,Democratic,Jimmy Carter,294,5,6,1,17.01,20.41,3.4
2016,Democratic,Joaquin Castro,614,6,3,1,9.77,4.89,-4.88
2016,Democratic,Joe Biden,1712,47,40,1,27.45,23.36,-4.09
2016,Democratic,Joe Crowley,675,12,3,1,17.78,4.44,-13.34
2016,Democratic,Joe Sweeney,284,6,4,1,21.13,14.08,-7.05
2016,Democratic,John D. Hutson,731,8,11,1,10.94,15.05,4.11
2016,Democratic,John Hickenlooper,638,11,9,1,17.24,14.11,-3.13
2016,Democratic,John Lewis,366,4,9,1,10.93,24.59,13.66
2016,Democratic,John Podesta,316,5,3,1,15.82,9.49,-6.33
2016,Democratic,Joseph Kennedy III,315,4,1,1,12.7,3.17,-9.53
2016,Democratic,Joyce Beatty,342,10,4,1,29.24,11.7,-17.54
2016,Democratic,Judy Chu,579,4,14,1,6.91,24.18,17.27
2016,Democratic,Kaiser Khan,362,3,9,1,8.29,24.86,16.57
2016,Democratic,Kareem Abdul Jabbar,230,8,1,1,34.78,4.35,-30.43
2016,Democratic,Karen Bass,156,2,4,1,12.82,25.64,12.82
2016,Democratic,Karen Williams Weaver,337,7,2,1,20.77,5.93,-14.84
2016,Democratic,Karla Ortiz,233,17,0,1,72.96,0.0,-72.96
2016,Democratic,Kasim Reed,565,10,19,1,17.7,33.63,15.93
2016,Democratic,Kate Burdick,104,2,0,1,19.23,0.0,-19.23
2016,Democratic,Katherine M. Clark,185,1,4,1,5.41,21.62,16.21
2016,Democratic,Katie Mcginty,618,4,24,1,6.47,38.83,32.36
2016,Democratic,Katy Perry,235,14,0,1,59.57,0.0,-59.57
2016,Democratic,Keith Ellison,328,2,14,1,6.1,42.68,36.58
2016,Democratic,Kevin De Leon,317,5,12,1,15.77,37.85,22.08
2016,Democratic,Kilili Sablan,38,2,0,1,52.63,0.0,-52.63
2016,Democratic,Kirsten Gillibrand,111,3,0,1,27.03,0.0,-27.03
2016,Democratic,Kirsten Kavanaugh,333,7,6,1,21.02,18.02,-3.0
2016,Democratic,Kristen Gillibrand,573,3,9,1,5.24,15.71,10.47
2016,Democratic,Lauren Manning,376,21,0,1,55.85,0.0,-55.85
2016,Democratic,Leah Daughtry,384,0,19,1,0.0,49.48,49.48
2016,Democratic,Lee Daniels,317,12,2,1,37.85,6.31,-31.54
2016,Democratic,Lee Saunders,210,6,4,1,28.57,19.05,-9.52
2016,Democratic,Lena Dunham,145,2,2,1,13.79,13.79,0.0
2016,Democratic,Lena Dunham & America Ferrera,264,4,8,1,15.15,30.3,15.15
2016,Democratic,Leon E. Panetta,852,8,11,1,9.39,12.91,3.52
2016,Democratic,Lily Eskelsen Garcia,275,5,2,1,18.18,7.27,-10.91
2016,Democratic,Linda Sanchez,745,10,18,1,13.42,24.16,10.74
2016,Democratic,Lois J. Frankel,120,2,6,1,16.67,50.0,33.33
2016,Democratic,Lorella Praeli,284,9,0,1,31.69,0.0,-31.69
2016,Democratic,Lucia Mcbath,333,4,6,1,12.01,18.02,6.01
2016,Democratic,Luis Gutierrez,720,5,15,1,6.94,20.83,13.89
2016,Democratic,Luke Feeney,353,5,3,1,14.16,8.5,-5.66
2016,Democratic,Madeleine Bordallo,50,2,1,1,40.0,20.0,-20.0
2016,Democratic,Madeleine K. Albright,663,16,15,1,24.13,22.62,-1.51
2016,Democratic,Maria Cantwell,116,2,2,1,17.24,17.24,0.0
2016,Democratic,Mark A. Takano,56,2,0,1,35.71,0.0,-35.71
2016,Democratic,Mark Dayton,426,5,8,1,11.74,18.78,7.04
2016,Democratic,Mark E. Kelly,400,9,8,1,22.5,20.0,-2.5
2016,Democratic,Marlon Marshall,685,4,14,1,5.84,20.44,14.6
2016,Democratic,Martin O'Malley,608,10,7,1,16.45,11.51,-4.94
2016,Democratic,Marty Walsh,420,16,4,1,38.1,9.52,-28.58
2016,Democratic,Mary Kay Henry,254,5,6,1,19.69,23.62,3.93
2016,Democratic,Mary Steenburgen & Ted Danson,255,9,1,1,35.29,3.92,-31.37
2016,Democratic,Maxine Waters,407,8,10,1,19.66,24.57,4.91
2016,Democratic,Mazie Hirono,191,9,2,2,47.12,10.47,-36.65
2016,Democratic,Meryl Streep,316,1,2,1,3.16,6.33,3.17
2016,Democratic,"Michael ""mike"" E. Duggan",554,9,3,1,16.25,5.42,-10.83
2016,Democratic,Michael A. Nutter,387,11,4,1,28.42,10.34,-18.08
2016,Democratic,Michael R. Bloomberg,1404,37,20,1,26.35,14.25,-12.1
2016,Democratic,Michelle Lujan Grisham,368,11,10,1,29.89,27.17,-2.72
2016,Democratic,Michelle Obama,1575,32,37,1,20.32,23.49,3.17
2016,Democratic,Na'ilah Amaru,372,16,3,1,43.01,8.06,-34.95
2016,Democratic,Nancy Pelosi,1168,2,20,2,1.71,17.12,15.41
2016,Democratic,Neera Tanden,382,12,6,1,31.41,15.71,-15.7
2016,Democratic,Nita Lowey,402,4,2,1,9.95,4.98,-4.97
2016,Democratic,Nydia M. Velázquez,144,2,0,1,13.89,0.0,-13.89
2016,Democratic,Pamela Livengood,362,6,5,1,16.57,13.81,-2.76
2016,Democratic,Park Cannon,56,6,1,1,107.14,17.86,-89.28
2016,Democratic,Pat Spearman,444,9,11,1,20.27,24.77,4.5
2016,Democratic,Patty Murray,134,0,3,1,0.0,22.39,22.39
2016,Democratic,Paul Booth,541,3,12,1,5.55,22.18,16.63
2016,Democratic,Paul Feeney,394,5,11,1,12.69,27.92,15.23
2016,Democratic,Peggy Flanagan,369,8,3,1,21.68,8.13,-13.55
2016,Democratic,Polly Sheppard,107,1,5,1,9.35,46.73,37.38
2016,Democratic,Randi Weingarten,289,2,3,1,6.92,10.38,3.46
2016,Democratic,Raul Grijalva,325,7,4,1,21.54,12.31,-9.23
2016,Democratic,Raumesh Akbari,415,1,10,1,2.41,24.1,21.69
2016,Democratic,Richard Trumka,242,3,5,1,12.4,20.66,8.26
2016,Democratic,Robert Brady,333,4,7,1,12.01,21.02,9.01
2016,Democratic,Robert Rodriguez,118,4,4,1,33.9,33.9,0.0
2016,Democratic,Ruben Gallego,423,6,7,1,14.18,16.55,2.37
2016,Democratic,Ruben Kihuen,398,3,10,1,7.54,25.13,17.59
2016,Democratic,Ryan Moore,335,14,1,1,41.79,2.99,-38.8
2016,Democratic,Sarah Lupe Valdez,489,13,7,1,26.58,14.31,-12.27
2016,Democratic,Sarah Mcbride,398,15,4,1,37.69,10.05,-27.64
2016,Democratic,Sarah Silverman,424,12,6,1,28.3,14.15,-14.15
2016,Democratic,Sean Mcgarvey,255,2,8,1,7.84,31.37,23.53
2016,Democratic,Sean Patrick,474,14,10,1,29.54,21.1,-8.44
2016,Democratic,Sharon Belkofer,438,20,1,1,45.66,2.28,-43.38
2016,Democratic,Sheila Jackson Lee,382,6,14,1,15.71,36.65,20.94
2016,Democratic,Sherrod Brown,939,12,8,1,12.78,8.52,-4.26
2016,Democratic,Shirley Franklin,222,5,9,1,22.52,40.54,18.02
2016,Democratic,Shyla Nelson,245,6,15,1,24.49,61.22,36.73
2016,Democratic,Sigourney Weaver,287,2,9,1,6.97,31.36,24.39
2016,Democratic,Stacey Abrams,367,5,13,1,13.62,35.42,21.8
2016,Democratic,Star Jones,202,8,5,1,39.6,24.75,-14.85
2016,Democratic,Steny Hoyer,482,4,12,1,8.3,24.9,16.6
2016,Democratic,Stephanie Murphy,109,3,2,1,27.52,18.35,-9.17
2016,Democratic,Stephanie Schriock,420,1,6,1,2.38,14.29,11.91
2016,Democratic,Steve Benjamin,350,14,3,1,40.0,8.57,-31.43
2016,Democratic,Suzan Delbene,136,3,2,1,22.06,14.71,-7.35
2016,Democratic,Sybrina Fulton,234,8,3,1,34.19,12.82,-21.37
2016,Democratic,Tammy Baldwin,135,6,0,1,44.44,0.0,-44.44
2016,Democratic,Tammy Duckworth,546,18,11,1,32.97,20.15,-12.82
2016,Democratic,Ted Deutch,418,5,4,1,11.96,9.57,-2.39
2016,Democratic,Ted Lieu,312,10,2,2,32.05,6.41,-25.64
2016,Democratic,Terry McAuliffe,758,15,17,1,19.79,22.43,2.64
2016,Democratic,Thaddeus Desmond,137,3,0,1,21.9,0.0,-21.9
2016,Democratic,The Reverend Dr William Barber II,964,19,38,1,19.71,39.42,19.71
2016,Democratic,Tim Kaine,2305,39,23,1,16.92,9.98,-6.94
2016,Democratic,Tim Ryan,796,6,16,1,7.54,20.1,12.56
2016,Democratic,Tina Kotek,315,7,9,1,22.22,28.57,6.35
2016,Democratic,Tom Harkin,481,5,12,1,10.4,24.95,14.55
2016,Democratic,Tom Wolf,636,7,21,1,11.01,33.02,22.01
2016,Democratic,Tony Goldwyn,211,4,5,1,18.96,23.7,4.74
2016,Democratic,Tulsi Gabbard,395,4,1,1,10.13,2.53,-7.6
2016,Democratic,Val Demings,179,4,1,1,22.35,5.59,-16.76
2016,Democratic,Wayne Walker,134,2,5,1,14.93,37.31,22.38
2016,Democratic,Wellington Webb,510,12,14,1,23.53,27.45,3.92
2016,Democratic,Xavier Becerra,914,12,12,1,13.13,13.13,0.0
2016,Democratic,Yvette Clarke,151,3,4,1,19.87,26.49,6.62
2016,Republican,Andy Wist,326,20,7,1,61.35,21.47,-39.88
2016,Republican,Antonio Sabato Jr.,391,12,8,1,30.69,20.46,-10.23
2016,Republican,Asa Hutchinson,473,4,8,1,8.46,16.91,8.45
2016,Republican,Ben Carson,426,2,7,1,4.69,16.43,11.74
2016,Republican,Brock Mealer,320,9,3,1,28.12,9.38,-18.74
2016,Republican,Callista Gingrich,270,1,9,1,3.7,33.33,29.63
2016,Republican,Chris Christie,1658,17,23,1,10.25,13.87,3.62
2016,Republican,Chris Collins,269,3,3,1,11.15,11.15,0.0
2016,Republican,Chris Cox,591,1,11,1,1.69,18.61,16.92
2016,Republican,Dan Sullivan,156,2,9,1,12.82,57.69,44.87
2016,Republican,Dana White,506,21,5,1,41.5,9.88,-31.62
2016,Republican,Darrell C. Scott,626,7,18,1,11.18,28.75,17.57
2016,Republican,Darryl Glenn,467,5,12,1,10.71,25.7,14.99
2016,Republican,David A. Clarke Jr.,727,8,6,1,11.0,8.25,-2.75
2016,Republican,Donald J. Trump,83,1,4,1,12.05,48.19,36.14
2016,Republican,Donald Trump,4397,73,61,1,16.6,13.87,-2.73
2016,Republican,"Donald Trump, Jr.",2240,24,38,1,10.71,16.96,6.25
2016,Republican,Eileen Collins,343,1,10,1,2.92,29.15,26.23
2016,Republican,Eric Trump,1637,25,6,1,15.27,3.67,-11.6
2016,Republican,Fran Tarkenton,708,22,5,1,31.07,7.06,-24.01
2016,Republican,Harold Hamm,463,6,5,1,12.96,10.8,-2.16
2016,Republican,Ivanka Trump,1819,23,9,1,12.64,4.95,-7.69
2016,Republican,Jamiel Shaw,333,5,4,1,15.02,12.01,-3.01
2016,Republican,Jason Beardsley,407,1,13,1,2.46,31.94,29.48
2016,Republican,Jeff Sessions,1124,6,16,2,5.34,14.23,8.89
2016,Republican,Jerry Falwell Jr.,680,9,4,1,13.24,5.88,-7.36
2016,Republican,John Tiegen & Mark Geist,2650,67,65,1,25.28,24.53,-0.75
2016,Republican,Joni Ernst,1286,16,12,1,12.44,9.33,-3.11
2016,Republican,Karen Vaughn,304,7,10,1,23.03,32.89,9.86
2016,Republican,Kerry Woolard,418,10,3,1,23.92,7.18,-16.74
2016,Republican,Kevin McCarthy,466,2,15,1,4.29,32.19,27.9
2016,Republican,Kimberlin Brown,1352,34,21,1,25.15,15.53,-9.62
2016,Republican,Laura Ingraham,785,6,14,1,7.64,17.83,10.19
2016,Republican,Leslie Rutledge,400,5,4,1,12.5,10.0,-2.5
2016,Republican,Lisa Shin,387,4,2,1,10.34,5.17,-5.17
2016,Republican,Lynne Patton,561,17,7,1,30.3,12.48,-17.82
2016,Republican,Marcus Luttrell,825,29,10,1,35.15,12.12,-23.03
2016,Republican,Mark Burns,532,7,12,1,13.16,22.56,9.4
2016,Republican,Marsha Blackburn,687,4,10,1,5.82,14.56,8.74
2016,Republican,Mary Ann Mendoza,225,1,1,1,4.44,4.44,0.0
2016,Republican,Mary Fallin,656,8,20,1,12.2,30.49,18.29
2016,Republican,Melania Trump,1280,27,11,1,21.09,8.59,-12.5
2016,Republican,Michael Mccaul,749,5,11,1,6.68,14.69,8.01
2016,Republican,Michael Mukasey,454,0,7,1,0.0,15.42,15.42
2016,Republican,Michael T. Flynn,1991,24,40,1,12.05,20.09,8.04
2016,Republican,Michelle Van Etten,587,24,10,1,40.89,17.04,-23.85
2016,Republican,Mike Pence,3003,48,41,1,15.98,13.65,-2.33
2016,Republican,Mitch McConnell,907,16,19,1,17.64,20.95,3.31
2016,Republican,Natalie Gulbis,477,22,2,1,46.12,4.19,-41.93
2016,Republican,Newt Gingrich,1772,9,37,1,5.08,20.88,15.8
2016,Republican,Pam Bondi,365,4,3,1,10.96,8.22,-2.74
2016,Republican,Patricia A. Smith,448,12,3,1,26.79,6.7,-20.09
2016,Republican,Paul Ryan,1684,15,35,2,8.91,20.78,11.87
2016,Republican,Paula White-cain,535,2,24,1,3.74,44.86,41.12
2016,Republican,Peter A. Thiel,639,12,10,1,18.78,15.65,-3.13
2016,Republican,Phil Ruffin,472,13,4,1,27.54,8.47,-19.07
2016,Republican,Ralph Alvarado,710,6,8,1,8.45,11.27,2.82
2016,Republican,Reince Priebus,1372,5,20,1,3.64,14.58,10.94
2016,Republican,Rick Perry,232,4,4,1,17.24,17.24,0.0
2016,Republican,Rick Scott,550,7,13,1,12.73,23.64,10.91
2016,Republican,Ron Johnson,518,3,7,1,5.79,13.51,7.72
2016,Republican,Rudy Giuliani,1373,17,21,1,12.38,15.29,2.91
2016,Republican,Ryan Zinke,665,17,8,1,25.56,12.03,-13.53
2016,Republican,Sabine Durden,295,4,3,1,13.56,10.17,-3.39
2016,Republican,Scott Baio,438,5,7,1,11.42,15.98,4.56
2016,Republican,Scott Walker,835,5,26,1,5.99,31.14,25.15
2016,Republican,Sean Duffy & Rachel Campos-Duffy,416,2,14,1,4.81,33.65,28.84
2016,Republican,Sharon Day,505,4,6,1,7.92,11.88,3.96
2016,Republican,Shelley Moore Capito,1646,18,17,1,10.94,10.33,-0.61
2016,Republican,Steven R. Bailey,462,8,9,1,17.32,19.48,2.16
2016,Republican,Ted Cruz,1453,12,27,1,8.26,18.58,10.32
2016,Republican,Tiffany Trump,741,25,0,1,33.74,0.0,-33.74
2016,Republican,Tom Barrack,1762,73,16,1,41.43,9.08,-32.35
2016,Republican,Tom Cotton,631,11,13,1,17.43,20.6,3.17
2016,Republican,Tony Perkins,393,4,8,1,10.18,20.36,10.18
2016,Republican,Willie Robertson,513,17,10,1,33.14,19.49,-13.65
2020,Democratic,Adamski,47,0,2,1,0.0,42.55,42.55
2020,Democratic,Ady Barkan,429,12,9,2,27.97,20.98,-6.99
2020,Democratic,Alan P.,21,2,0,2,95.24,0.0,-95.24
2020,Democratic,Aldo Martinez,92,2,6,1,21.74,65.22,43.48
2020,Democratic,Alex Padilla,164,1,1,1,6.1,6.1,0.0
2020,Democratic,Alexandria Ocasio-Cortez,195,1,0,1,5.13,0.0,-5.13
2020,Democratic,Alexandria Villaseñor,125,3,2,1,24.0,16.0,-8.0
2020,Democratic,Alicia Andrews,62,0,0,1,0.0,0.0,0.0
2020,Democratic,Aliitama Sotoa,31,0,1,1,0.0,32.26,32.26
2020,Democratic,Amanda Litman,294,12,2,1,40.82,6.8,-34.02
2020,Democratic,Amy Agbayani,91,2,3,1,21.98,32.97,10.99
2020,Democratic,Amy Klobuchar,858,20,17,3,23.31,19.81,-3.5
2020,Democratic,Andrew Adamski,149,2,6,1,13.42,40.27,26.85
2020,Democratic,Andrew Cuomo,786,8,35,1,10.18,44.53,34.35
2020,Democratic,Andrew Yang,519,9,12,1,17.34,23.12,5.78
2020,Democratic,Andrew Young,80,0,1,1,0.0,12.5,12.5
2020,Democratic,Angie Taylor,73,0,0,1,0.0,0.0,0.0
2020,Democratic,Annette,18,0,1,1,0.0,55.56,55.56
2020,Democratic,Anton G.,7,0,0,1,0.0,0.0,0.0
2020,Democratic,Archbishop Elpidophoros,125,1,6,1,8.0,48.0,40.0
2020,Democratic,Art Acevedo,64,1,4,1,15.62,62.5,46.88
2020,Democratic,Asbie,44,1,2,1,22.73,45.45,22.72
2020,Democratic,Ashley Biden,32,0,0,1,0.0,0.0,0.0
2020,Democratic,Ayesha Curry,290,3,7,1,10.34,24.14,13.8
2020,Democratic,Barack Obama,2779,30,33,2,10.8,11.87,1.07
2020,Democratic,Barbara Lee,45,0,0,1,0.0,0.0,0.0
2020,Democratic,Barney Frank,101,0,4,1,0.0,39.6,39.6
2020,Democratic,Beau Biden,40,2,0,1,50.0,0.0,-50.0
2020,Democratic,Bennie Thompson,383,1,12,3,2.61,31.33,28.72
2020,Democratic,Bernie Sanders,1098,7,15,2,6.38,13.66,7.28
2020,Democratic,Beto O'Rourke,118,1,0,1,8.47,0.0,-8.47
2020,Democratic,Beto O'rourke,22,1,1,1,45.45,45.45,0.0
2020,Democratic,Bianca Shah,30,0,0,1,0.0,0.0,0.0
2020,Democratic,Bill Clinton,547,0,2,1,0.0,3.66,3.66
2020,Democratic,Billie Eilish,127,0,4,1,0.0,31.5,31.5
2020,Democratic,Bob Casey,119,0,0,1,0.0,0.0,0.0
2020,Democratic,Bob King,74,2,1,1,27.03,13.51,-13.52
2020,Democratic,Bradley Dreifuss,83,3,3,1,36.14,36.14,0.0
2020,Democratic,Brandon Scott,29,0,0,1,0.0,0.0,0.0
2020,Democratic,Brayden Harrington,223,6,6,1,26.91,26.91,0.0
2020,Democratic,Brendan Boyle,161,0,1,1,0.0,6.21,6.21
2020,Democratic,Brett Mcgurk,165,3,2,1,18.18,12.12,-6.06
2020,Democratic,Brittney Hubert,24,2,0,1,83.33,0.0,-83.33
2020,Democratic,Brown,23,0,0,1,0.0,0.0,0.0
2020,Democratic,Carly Dryden,132,7,2,1,53.03,15.15,-37.88
2020,Democratic,Carol Moseley,23,0,0,1,0.0,0.0,0.0
2020,Democratic,Carol Moseley Braun,73,0,0,1,0.0,0.0,0.0
2020,Democratic,Caroline Kennedy,170,6,0,1,35.29,0.0,-35.29
2020,Democratic,Carozza,78,1,4,1,12.82,51.28,38.46
2020,Democratic,Catherine Cortez Masto,361,1,6,1,2.77,16.62,13.85
2020,Democratic,Cecil Benjamin,57,0,2,1,0.0,35.09,35.09
2020,Democratic,Cedric Richmond,354,0,2,2,0.0,5.65,5.65
2020,Democratic,Cesar Alvarez,93,4,0,1,43.01,0.0,-43.01
2020,Democratic,Chaparro Hernandez,14,1,0,1,71.43,0.0,-71.43
2020,Democratic,Chris Coons,638,8,6,2,12.54,9.4,-3.14
2020,Democratic,Chris F.,12,0,1,1,0.0,83.33,83.33
2020,Democratic,Christie Bell,36,0,2,1,0.0,55.56,55.56
2020,Democratic,Chuck Degnan,85,0,2,1,0.0,23.53,23.53
2020,Democratic,Chuck Hagel,109,2,0,1,18.35,0.0,-18.35
2020,Democratic,Chuck Schumer,406,1,12,1,2.46,29.56,27.1
2020,Democratic,Cindy Axne,62,2,0,1,32.26,0.0,-32.26
2020,Democratic,Claire,34,0,3,1,0.0,88.24,88.24
2020,Democratic,Clement,43,1,0,1,23.26,0.0,-23.26
2020,Democratic,Cole,67,0,1,1,0.0,14.93,14.93
2020,Democratic,Colin Allred,108,2,0,1,18.52,0.0,-18.52
2020,Democratic,Colin Powell,480,6,7,2,12.5,14.58,2.08
2020,Democratic,Colmon Elridge,100,4,2,1,40.0,20.0,-20.0
2020,Democratic,Conor Lamb,123,0,2,1,0.0,16.26,16.26
2020,Democratic,Cory Booker,273,9,1,1,32.97,3.66,-29.31
2020,Democratic,Cozzie Watkins,91,2,3,1,21.98,32.97,10.99
2020,Democratic,Craig Hickman,86,2,1,1,23.26,11.63,-11.63
2020,Democratic,Cronin,65,0,1,1,0.0,15.38,15.38
2020,Democratic,Dan Ryner,90,1,1,1,11.11,11.11,0.0
2020,Democratic,Danica Roem,27,1,0,1,37.04,0.0,-37.04
2020,Democratic,Daniel Dae Kim,8,1,1,1,125.0,125.0,0.0
2020,Democratic,David M,19,0,1,1,0.0,52.63,52.63
2020,Democratic,David Zuckerman,62,0,0,1,0.0,0.0,0.0
2020,Democratic,DeMarcus Gilliard,168,9,1,1,53.57,5.95,-47.62
2020,Democratic,Deandra Dycus,323,15,3,1,46.44,9.29,-37.15
2020,Democratic,Deb Haaland,329,5,7,1,15.2,21.28,6.08
2020,Democratic,Debbie Mucarsel-Powell,22,2,0,1,90.91,0.0,-90.91
2020,Democratic,Dekevius A.,61,4,1,1,65.57,16.39,-49.18
2020,Democratic,Demings,5,0,0,1,0.0,0.0,0.0
2020,Democratic,Denis McDonough,170,3,6,1,17.65,35.29,17.64
2020,Democratic,Denise,19,0,2,1,0.0,105.26,105.26
2020,Democratic,Dennis Shepherd,57,0,1,1,0.0,17.54,17.54
2020,Democratic,Denny Ruprecht,24,0,3,1,0.0,125.0,125.0
2020,Democratic,Derrick Johnson,288,8,8,1,27.78,27.78,0.0
2020,Democratic,Derrick Lente,113,0,4,1,0.0,35.4,35.4
2020,Democratic,Dina Titus,80,1,1,1,12.5,12.5,0.0
2020,Democratic,Dolores Huerta,13,1,0,1,76.92,0.0,-76.92
2020,Democratic,Donna Hylton,21,1,0,1,47.62,0.0,-47.62
2020,Democratic,Donna N.,35,0,2,2,0.0,57.14,57.14
2020,Democratic,Donna-Marie W.,14,1,0,1,71.43,0.0,-71.43
2020,Democratic,Doug Jones,436,9,10,2,20.64,22.94,2.3
2020,Democratic,Elijah Cummings,43,0,0,1,0.0,0.0,0.0
2020,Democratic,Elizabeth,14,1,0,1,71.43,0.0,-71.43
2020,Democratic,Elizabeth Warren,869,20,16,2,23.01,18.41,-4.6
2020,Democratic,Ellis Ross,261,2,5,1,7.66,19.16,11.5
2020,Democratic,Emma G.,127,4,1,1,31.5,7.87,-23.63
2020,Democratic,Eric Garcetti,91,2,4,1,21.98,43.96,21.98
2020,Democratic,Estella,224,2,3,1,8.93,13.39,4.46
2020,Democratic,Eugene F.,66,2,0,1,30.3,0.0,-30.3
2020,Democratic,Eva Gutowski,63,3,1,1,47.62,15.87,-31.75
2020,Democratic,Eva Longoria,1405,13,40,1,9.25,28.47,19.22
2020,Democratic,Fred Albert,78,0,0,1,0.0,0.0,0.0
2020,Democratic,Fred Guttenberg,116,2,1,2,17.24,8.62,-8.62
2020,Democratic,Gabriel Salguero,83,1,0,1,12.05,0.0,-12.05
2020,Democratic,Gabrielle Giffords,174,8,7,1,45.98,40.23,-5.75
2020,Democratic,Gary Peters,58,0,2,1,0.0,34.48,34.48
2020,Democratic,Gavin Newsom,436,5,7,1,11.47,16.06,4.59
2020,Democratic,General Frank Vavala,11,0,0,1,0.0,0.0,0.0
2020,Democratic,George C.,37,1,3,1,27.03,81.08,54.05
2020,Democratic,Georgia M.,14,0,0,1,0.0,0.0,0.0
2020,Democratic,Gerald Lang,77,3,2,1,38.96,25.97,-12.99
2020,Democratic,Geraldine Waller,82,1,5,1,12.2,60.98,48.78
2020,Democratic,Gilbert Alaquinez,76,1,2,1,13.16,26.32,13.16
2020,Democratic,Glenn,73,2,2,1,27.4,27.4,0.0
2020,Democratic,Greenfield,10,0,0,1,0.0,0.0,0.0
2020,Democratic,Greg Weaver,244,9,4,1,36.89,16.39,-20.5
2020,Democratic,Gretchen Whitmer,554,2,15,1,3.61,27.08,23.47
2020,Democratic,Gurnee Green,151,10,1,1,66.23,6.62,-59.61
2020,Democratic,Gwen Carr,113,3,4,1,26.55,35.4,8.85
2020,Democratic,Gwen Moore,181,3,3,1,16.57,16.57,0.0
2020,Democratic,Hilda Solis,363,2,4,2,5.51,11.02,5.51
2020,Democratic,Hillary Clinton,1060,10,16,2,9.43,15.09,5.66
2020,Democratic,Howard Chou,105,3,3,1,28.57,28.57,0.0
2020,Democratic,Imam Al-Hajj Talib Abdur-Rashid,131,1,1,1,7.63,7.63,0.0
2020,Democratic,Jack G.,42,2,1,1,47.62,23.81,-23.81
2020,Democratic,Jack Schlossberg,163,0,9,1,0.0,55.21,55.21
2020,Democratic,Jack Weinstein,104,6,0,1,57.69,0.0,-57.69
2020,Democratic,Jacqueline A.,45,3,0,1,66.67,0.0,-66.67
2020,Democratic,Jacquelyn Asbie,90,5,0,1,55.56,0.0,-55.56
2020,Democratic,Jaime Harrison,93,2,1,2,21.51,10.75,-10.76
2020,Democratic,James,44,2,0,1,45.45,0.0,-45.45
2020,Democratic,Jamira Burley,128,4,2,1,31.25,15.62,-15.63
2020,Democratic,Jason Rae,41,0,0,1,0.0,0.0,0.0
2020,Democratic,Jeanna H,20,0,2,1,0.0,100.0,100.0
2020,Democratic,Jeanna H.,43,0,1,1,0.0,23.26,23.26
2020,Democratic,Jeff Jeans,110,4,3,1,36.36,27.27,-9.09
2020,Democratic,Jeffrey,52,0,0,2,0.0,0.0,0.0
2020,Democratic,Jenny Wilson,76,0,3,1,0.0,39.47,39.47
2020,Democratic,Jerry Young,283,1,8,1,3.53,28.27,24.74
2020,Democratic,Jessica,146,12,2,1,82.19,13.7,-68.49
2020,Democratic,Jill Biden,1150,24,16,2,20.87,13.91,-6.96
2020,Democratic,Jim Clyburn,370,6,8,1,16.22,21.62,5.4
2020,Democratic,Jim Martin,98,1,0,1,10.2,0.0,-10.2
2020,Democratic,Jim Roosevelt,156,2,3,2,12.82,19.23,6.41
2020,Democratic,Jimmy Carter,71,1,1,1,14.08,14.08,0.0
2020,Democratic,Jocelyn Benson,176,1,1,1,5.68,5.68,0.0
2020,Democratic,Joe Biden,3447,79,67,3,22.92,19.44,-3.48
2020,Democratic,John Carney,96,0,0,1,0.0,0.0,0.0
2020,Democratic,John Kasich,612,14,15,1,22.88,24.51,1.63
2020,Democratic,John Kerry,458,1,12,1,2.18,26.2,24.02
2020,Democratic,John Lewis,164,5,11,1,30.49,67.07,36.58
2020,Democratic,John Lynch,87,0,1,1,0.0,11.49,11.49
2020,Democratic,Johnson,19,0,1,1,0.0,52.63,52.63
2020,Democratic,Jon Meacham,658,2,26,1,3.04,39.51,36.47
2020,Democratic,Jon Meachin,25,1,0,1,40.0,0.0,-40.0
2020,Democratic,Jonathan Nez,65,0,0,1,0.0,0.0,0.0
2020,Democratic,Joseph M.,54,0,3,2,0.0,55.56,55.56
2020,Democratic,Joseph McNamara,70,0,0,1,0.0,0.0,0.0
2020,Democratic,Joseph W.,7,0,0,1,0.0,0.0,0.0
2020,Democratic,Josh Abernathy,38,0,0,1,0.0,0.0,0.0
2020,Democratic,Judge Lina Hidalgo,30,1,0,1,33.33,0.0,-33.33
2020,Democratic,Judy Shepherd,23,0,0,1,0.0,0.0,0.0
2020,Democratic,Julia Bryan,73,0,2,1,0.0,27.4,27.4
2020,Democratic,Julia Louis-Dreyfus,1182,29,12,1,24.53,10.15,-14.38
2020,Democratic,Julie Buckholt,82,0,6,1,0.0,73.17,73.17
2020,Democratic,Julie Chavez Rodriguez,118,2,0,1,16.95,0.0,-16.95
2020,Democratic,Justin Onwenu,59,2,0,1,33.9,0.0,-33.9
2020,Democratic,Kamala Harris,2143,34,56,2,15.87,26.13,10.26
2020,Democratic,Katherine Lorenzo,153,5,0,1,32.68,0.0,-32.68
2020,Democratic,Kathleen Clyde,37,0,1,1,0.0,27.03,27.03
2020,Democratic,Keely Sage,83,1,0,1,12.05,0.0,-12.05
2020,Democratic,Keisha Lance Bottoms,509,3,18,1,5.89,35.36,29.47
2020,Democratic,Kerry Washington,1237,6,35,1,4.85,28.29,23.44
2020,Democratic,Kevin Johnson,56,0,7,1,0.0,125.0,125.0
2020,Democratic,Kevin Penn,301,11,5,1,36.54,16.61,-19.93
2020,Democratic,Khizr Khan,104,1,1,2,9.62,9.62,0.0
2020,Democratic,Kid,26,2,0,1,76.92,0.0,-76.92
2020,Democratic,King,92,1,1,1,10.87,10.87,0.0
2020,Democratic,Kristin Urquiza,342,6,2,1,17.54,5.85,-11.69
2020,Democratic,Kyle,163,9,0,1,55.21,0.0,-55.21
2020,Democratic,LaToya Cantrell,40,0,0,1,0.0,0.0,0.0
2020,Democratic,Lakeisha Cole,102,4,4,1,39.22,39.22,0.0
2020,Democratic,Laura Packard,38,3,0,1,78.95,0.0,-78.95
2020,Democratic,Lauren McLean,59,0,3,1,0.0,50.85,50.85
2020,Democratic,Lien Ta,149,4,2,1,26.85,13.42,-13.43
2020,Democratic,Linda Greenfield,35,1,0,1,28.57,0.0,-28.57
2020,Democratic,Lisa Blunt Rochester,141,2,4,1,14.18,28.37,14.19
2020,Democratic,Lisa P.,60,6,0,1,100.0,0.0,-100.0
2020,Democratic,Lori Lightfoot,85,0,2,1,0.0,23.53,23.53
2020,Democratic,Lorraine Miller,132,2,1,1,15.15,7.58,-7.57
2020,Democratic,Lucy Sanchez,215,6,6,1,27.91,27.91,0.0
2020,Democratic,Lylena E.,41,0,0,1,0.0,0.0,0.0
2020,Democratic,Malcolm Kenyatta,87,2,1,1,22.99,11.49,-11.5
2020,Democratic,Mandela Barnes,176,1,2,1,5.68,11.36,5.68
2020,Democratic,Marcia Fudge,16,1,1,1,62.5,62.5,0.0
2020,Democratic,Mari Manoogian,120,0,2,2,0.0,16.67,16.67
2020,Democratic,Maria Caffrey,29,1,0,1,34.48,0.0,-34.48
2020,Democratic,Maria Cardona,312,2,1,1,6.41,3.21,-3.2
2020,Democratic,Maria W.,35,1,0,1,28.57,0.0,-28.57
2020,Democratic,Mariann Budde,124,2,0,1,16.13,0.0,-16.13
2020,Democratic,Marie Y.,35,0,0,1,0.0,0.0,0.0
2020,Democratic,Mariska Hargitay,147,6,0,1,40.82,0.0,-40.82
2020,Democratic,Marisol Garcia,90,4,0,1,44.44,0.0,-44.44
2020,Democratic,Mark Pringle,85,2,0,1,23.53,0.0,-23.53
2020,Democratic,Marley Dias,170,10,3,1,58.82,17.65,-41.17
2020,Democratic,Marlon Kimpson,81,1,1,1,12.35,12.35,0.0
2020,Democratic,Matthew,13,0,1,1,0.0,76.92,76.92
2020,Democratic,Maya Harris,60,0,1,1,0.0,16.67,16.67
2020,Democratic,Meena Harris,81,2,1,1,24.69,12.35,-12.34
2020,Democratic,Meg Whitman,60,3,0,1,50.0,0.0,-50.0
2020,Democratic,Megan Rapinoe,195,2,2,1,10.26,10.26,0.0
2020,Democratic,Melvin Carter,38,1,0,1,26.32,0.0,-26.32
2020,Democratic,Micah,6,0,0,1,0.0,0.0,0.0
2020,Democratic,Michael Beals,142,5,0,1,35.21,0.0,-35.21
2020,Democratic,Michael Bloomberg,453,11,3,1,24.28,6.62,-17.66
2020,Democratic,Michelle Beebe,213,10,9,1,46.95,42.25,-4.7
2020,Democratic,Michelle Boyle,114,3,6,1,26.32,52.63,26.31
2020,Democratic,Michelle D,28,0,3,1,0.0,107.14,107.14
2020,Democratic,Michelle Lujan Grisham,342,5,12,1,14.62,35.09,20.47
2020,Democratic,Michelle Obama,2379,24,57,2,10.09,23.96,13.87
2020,Democratic,Mike Bloomberg,203,0,3,1,0.0,14.78,14.78
2020,Democratic,Mitzi D.,37,1,2,1,27.03,54.05,27.02
2020,Democratic,Miyoko Hikiji,15,1,0,1,66.67,0.0,-66.67
2020,Democratic,Molly Johnson,47,1,4,1,21.28,85.11,63.83
2020,Democratic,Muriel Bowser,478,9,12,2,18.83,25.1,6.27
2020,Democratic,Nancy G.,5,0,0,1,0.0,0.0,0.0
2020,Democratic,Nancy Pelosi,837,9,21,2,10.75,25.09,14.34
2020,Democratic,Natasha Taylor,56,1,3,1,17.86,53.57,35.71
2020,Democratic,Nededog,58,0,1,1,0.0,17.24,17.24
2020,Democratic,Nick,10,0,1,1,0.0,100.0,100.0
2020,Democratic,Nikema Williams,98,0,1,1,0.0,10.2,10.2
2020,Democratic,Nikki Fried,97,0,2,1,0.0,20.62,20.62
2020,Democratic,Nola Kileleman Hix,75,0,4,1,0.0,53.33,53.33
2020,Democratic,Onelica A,11,0,0,1,0.0,0.0,0.0
2020,Democratic,Pat,19,0,0,1,0.0,0.0,0.0
2020,Democratic,Pete Buttigieg,542,7,13,2,12.92,23.99,11.07
2020,Democratic,Petti Matila,44,0,1,1,0.0,22.73,22.73
2020,Democratic,Philonise Floyd,188,0,5,1,0.0,26.6,26.6
2020,Democratic,Prince Royce,21,0,1,1,0.0,47.62,47.62
2020,Democratic,Rachel Prevost,91,2,0,1,21.98,0.0,-21.98
2020,Democratic,Randall Woodfin,45,0,2,1,0.0,44.44,44.44
2020,Democratic,Raphael Warnock,48,0,2,1,0.0,41.67,41.67
2020,Democratic,Rashid,28,0,0,1,0.0,0.0,0.0
2020,Democratic,Raumesh Akbari,66,0,0,1,0.0,0.0,0.0
2020,Democratic,Ray Curry,31,0,1,1,0.0,32.26,32.26
2020,Democratic,Rebekah O.,16,1,0,1,62.5,0.0,-62.5
2020,Democratic,Reuben Gill,71,1,2,1,14.08,28.17,14.09
2020,Democratic,Rhoda,21,1,0,1,47.62,0.0,-47.62
2020,Democratic,Rhonda C.,14,0,0,1,0.0,0.0,0.0
2020,Democratic,Rick Telesz,144,4,0,1,27.78,0.0,-27.78
2020,Democratic,Riley Curry,67,4,0,1,59.7,0.0,-59.7
2020,Democratic,Rob Bair,59,1,4,1,16.95,67.8,50.85
2020,Democratic,Robert Garcia,60,1,1,2,16.67,16.67,0.0
2020,Democratic,Robert Lopez,175,7,3,1,40.0,17.14,-22.86
2020,Democratic,Robyn Senior,16,1,0,1,62.5,0.0,-62.5
2020,Democratic,Ron,20,0,1,1,0.0,50.0,50.0
2020,Democratic,Rosa Colquitt,29,0,1,1,0.0,34.48,34.48
2020,Democratic,Rosalynn Carter,277,3,3,1,10.83,10.83,0.0
2020,Democratic,Rose G.,46,0,0,1,0.0,0.0,0.0
2020,Democratic,Ruth Glenn,78,2,1,1,25.64,12.82,-12.82
2020,Democratic,Ryan Curry,16,0,0,1,0.0,0.0,0.0
2020,Democratic,Sally Yates,402,7,3,1,17.41,7.46,-9.95
2020,Democratic,Sam Park,76,0,1,1,0.0,13.16,13.16
2020,Democratic,Sanchez,26,0,1,1,0.0,38.46,38.46
2020,Democratic,Sara,19,1,2,1,52.63,105.26,52.63
2020,Democratic,Sara Gideon,133,5,2,1,37.59,15.04,-22.55
2020,Democratic,Scheena Iyande Tannis,107,4,0,1,37.38,0.0,-37.38
2020,Democratic,Scott Richardson,154,3,9,1,19.48,58.44,38.96
2020,Democratic,Seymour,16,1,0,1,62.5,0.0,-62.5
2020,Democratic,Shenee J.,51,2,0,1,39.22,0.0,-39.22
2020,Democratic,Sherrod Brown,55,0,0,1,0.0,0.0,0.0
2020,Democratic,Sina,18,0,0,1,0.0,0.0,0.0
2020,Democratic,Sister Simone Campbell,296,2,6,1,6.76,20.27,13.51
2020,Democratic,Stacey Abrams,527,4,15,2,7.59,28.46,20.87
2020,Democratic,State of Michigan Alex Padilla,39,0,1,1,0.0,25.64,25.64
2020,Democratic,Stephen Curry,39,0,0,1,0.0,0.0,0.0
2020,Democratic,Susan Molinari,140,7,1,2,50.0,7.14,-42.86
2020,Democratic,Tammy Baldwin,450,12,11,1,26.67,24.44,-2.23
2020,Democratic,Tammy Duckworth,503,8,0,1,15.9,0.0,-15.9
2020,Democratic,Terri Sewell,90,0,1,1,0.0,11.11,11.11
2020,Democratic,Terry,40,0,1,2,0.0,25.0,25.0
2020,Democratic,Terry Williams,88,2,2,2,22.73,22.73,0.0
2020,Democratic,Thai,76,2,1,1,26.32,13.16,-13.16
2020,Democratic,Tim Ryan,46,0,0,1,0.0,0.0,0.0
2020,Democratic,Todd Whitman,81,3,0,1,37.04,0.0,-37.04
2020,Democratic,Tom Barrett,274,6,10,1,21.9,36.5,14.6
2020,Democratic,Tom C.,32,1,0,1,31.25,0.0,-31.25
2020,Democratic,Tom Carper,2,0,0,1,0.0,0.0,0.0
2020,Democratic,Tom Perez,868,5,25,2,5.76,28.8,23.04
2020,Democratic,Tom Vilsack,39,0,1,1,0.0,25.64,25.64
2020,Democratic,Tony A.,36,0,1,1,0.0,27.78,27.78
2020,Democratic,Tony Evers,133,3,5,1,22.56,37.59,15.03
2020,Democratic,Tracee Ellis Ross,467,2,5,1,4.28,10.71,6.43
2020,Democratic,Travis Nelson,24,0,0,1,0.0,0.0,0.0
2020,Democratic,Trung Lee,162,5,1,1,30.86,6.17,-24.69
2020,Democratic,Valarie Biden Owens,83,0,2,1,0.0,24.1,24.1
2020,Democratic,Veronica Escobar,84,0,2,1,0.0,23.81,23.81
2020,Democratic,Victor S.,22,1,1,1,45.45,45.45,0.0
2020,Democratic,Victoria,21,0,1,1,0.0,47.62,47.62
2020,Democratic,Victoria Neave,70,1,3,1,14.29,42.86,28.57
2020,Democratic,Victoria Nourse,30,0,0,1,0.0,0.0,0.0
2020,Democratic,Villaseñor,34,2,1,1,58.82,29.41,-29.41
2020,Democratic,Vivek Murthy,336,9,4,1,26.79,11.9,-14.89
2020,Democratic,Walters,75,0,0,1,0.0,0.0,0.0
2020,Democratic,Yvanna Cancela,96,0,4,2,0.0,41.67,41.67
2020,Republican,Abby Johnson,598,21,4,1,35.12,6.69,-28.43
2020,Republican,Alice Johnson,595,41,2,1,68.91,3.36,-65.55
2020,Republican,Amy Johnson Ford,392,14,2,1,35.71,5.1,-30.61
2020,Republican,Andrew Pollack,852,27,3,1,31.69,3.52,-28.17
2020,Republican,Ann Dorn,750,14,9,1,18.67,12.0,-6.67
2020,Republican,Ben Carson,593,7,8,1,11.8,13.49,1.69
2020,Republican,Bob Vlaisavljevich,427,2,9,1,4.68,21.08,16.4
2020,Republican,Burgess Owens,584,20,15,1,34.25,25.68,-8.57
2020,Republican,Carl Mueller,360,8,8,1,22.22,22.22,0.0
2020,Republican,Catalina Lauf,401,7,9,1,17.46,22.44,4.98
2020,Republican,Charlie Kirk,474,3,13,1,6.33,27.43,21.1
2020,Republican,Chen Guangcheng,221,6,3,1,27.15,13.57,-13.58
2020,Republican,Cissie Graham Lynch,496,8,5,2,16.13,10.08,-6.05
2020,Republican,Clarence Henderson,632,15,8,1,23.73,12.66,-11.07
2020,Republican,Cris Peterson,352,3,3,1,8.52,8.52,0.0
2020,Republican,Dan Scavino,709,14,5,1,19.75,7.05,-12.7
2020,Republican,Dana White,777,17,10,1,21.88,12.87,-9.01
2020,Republican,Daniel Cameron,902,12,18,1,13.3,19.96,6.66
2020,Republican,Daniel Crenshaw,592,4,13,1,6.76,21.96,15.2
2020,Republican,Debbie Flood,424,3,13,1,7.08,30.66,23.58
2020,Republican,Donald Trump,6991,61,176,2,8.73,25.18,16.45
2020,Republican,Donald Trump Jr.,1555,4,19,1,2.57,12.22,9.65
2020,Republican,Ed Clayton,28,0,0,1,0.0,0.0,0.0
2020,Republican,Elise Stefanik,560,12,3,1,21.43,5.36,-16.07
2020,Republican,Eric Trump,1219,8,6,1,6.56,4.92,-1.64
2020,Republican,Franklin Graham,273,1,17,1,3.66,62.27,58.61
2020,Republican,G.E. Ghali,154,5,0,1,32.47,0.0,-32.47
2020,Republican,Herschel Walker,541,18,0,1,33.27,0.0,-33.27
2020,Republican,Ivanka Trump,1837,39,18,1,21.23,9.8,-11.43
2020,Republican,Ja'Ron Smith,440,16,0,1,36.36,0.0,-36.36
2020,Republican,Jack Brewer,663,14,4,1,21.12,6.03,-15.09
2020,Republican,Jason Joyce,342,9,4,1,26.32,11.7,-14.62
2020,Republican,Jeanette Nunez,572,4,6,1,6.99,10.49,3.5
2020,Republican,Jeff Van Drew,610,25,5,1,40.98,8.2,-32.78
2020,Republican,Jim Jordan,582,12,2,1,20.62,3.44,-17.18
2020,Republican,John Peterson,437,6,10,1,13.73,22.88,9.15
2020,Republican,Joni Ernst,546,6,6,1,10.99,10.99,0.0
2020,Republican,Karen Pence,726,7,3,1,9.64,4.13,-5.51
2020,Republican,Kayleigh McEnany,638,40,0,1,62.7,0.0,-62.7
2020,Republican,Keith Kellogg,593,16,4,1,26.98,6.75,-20.23
2020,Republican,Kellyanne Conway,640,5,7,1,7.81,10.94,3.13
2020,Republican,Kevin McCarthy,431,2,15,1,4.64,34.8,30.16
2020,Republican,Kim Klacik,359,6,14,1,16.71,39.0,22.29
2020,Republican,Kim Reynolds,566,4,5,1,7.07,8.83,1.76
2020,Republican,Kimberly Guilfoyle,631,4,3,1,6.34,4.75,-1.59
2020,Republican,Kristi Noem,725,3,10,1,4.14,13.79,9.65
2020,Republican,Lara Trump,1153,39,11,1,33.82,9.54,-24.28
2020,Republican,Larry Kudlow,365,5,1,1,13.7,2.74,-10.96
2020,Republican,Lee Zeldin,451,6,8,1,13.3,17.74,4.44
2020,Republican,Lou Holtz,690,25,2,1,36.23,2.9,-33.33
2020,Republican,Madeline Lauf,185,2,7,1,10.81,37.84,27.03
2020,Republican,Madison Cawthorn,461,25,6,1,54.23,13.02,-41.21
2020,Republican,Marcia Mueller,356,11,6,1,30.9,16.85,-14.05
2020,Republican,Mark McCloskey,438,0,4,1,0.0,9.13,9.13
2020,Republican,Marsha Blackburn,567,10,7,1,17.64,12.35,-5.29
2020,Republican,Matt Gaetz,546,4,17,1,7.33,31.14,23.81
2020,Republican,Maximo Alvarez,658,40,2,1,60.79,3.04,-57.75
2020,Republican,Melania Trump,3208,92,45,1,28.68,14.03,-14.65
2020,Republican,Michael McHale,383,4,4,1,10.44,10.44,0.0
2020,Republican,Michelle,196,12,3,1,61.22,15.31,-45.91
2020,Republican,Mike Pence,3566,35,75,1,9.81,21.03,11.22
2020,Republican,Mike Pompeo,606,4,3,1,6.6,4.95,-1.65
2020,Republican,Mike Verardo,23,1,0,1,43.48,0.0,-43.48
2020,Republican,Mitch McConnell,386,5,7,1,12.95,18.13,5.18
2020,Republican,Myron Lizer,397,3,6,1,7.56,15.11,7.55
2020,Republican,Natalie Harp,717,14,12,1,19.53,16.74,-2.79
2020,Republican,Nicholas Sandmann,693,24,5,1,34.63,7.22,-27.41
2020,Republican,Nikki Haley,1055,10,22,1,9.48,20.85,11.37
2020,Republican,Pam Bondi,823,3,3,1,3.65,3.65,0.0
2020,Republican,Pat Lynch,701,2,29,1,2.85,41.37,38.52
2020,Republican,Patricia McCloskey,223,0,5,1,0.0,22.42,22.42
2020,Republican,Ralph Case,51,3,2,1,58.82,39.22,-19.6
2020,Republican,Rand Paul,653,17,5,1,26.03,7.66,-18.37
2020,Republican,Rebecca Friedrichs,414,3,5,1,7.25,12.08,4.83
2020,Republican,Richard Grenell,1032,9,4,1,8.72,3.88,-4.84
2020,Republican,Ronna McDaniel,610,7,7,1,11.48,11.48,0.0
2020,Republican,Rudy Giuliani,645,1,3,1,1.55,4.65,3.1
2020,Republican,Ryan Holets,587,20,6,1,34.07,10.22,-23.85
2020,Republican,Sam Vigil,305,14,1,1,45.9,3.28,-42.62
2020,Republican,Scott Dane,311,3,9,1,9.65,28.94,19.29
2020,Republican,Sean Parnell,715,17,14,1,23.78,19.58,-4.2
2020,Republican,Sean Reyes,500,7,0,1,14.0,0.0,-14.0
2020,Republican,Sister Dede Byrne,555,17,10,1,30.63,18.02,-12.61
2020,Republican,Stacia Brightmon,400,17,0,1,42.5,0.0,-42.5
2020,Republican,Steve Scalise,574,8,3,1,13.94,5.23,-8.71
2020,Republican,Tanya Weinreis,418,19,10,1,45.45,23.92,-21.53
2020,Republican,Tera Myers,308,14,5,1,45.45,16.23,-29.22
2020,Republican,Tiffany Trump,940,9,11,1,9.57,11.7,2.13
2020,Republican,Tim Scott,1597,34,24,1,21.29,15.03,-6.26
2020,Republican,Tim Woods,150,5,1,1,33.33,6.67,-26.66
2020,Republican,Tom Cotton,531,2,9,1,3.77,16.95,13.18
2020,Republican,Vernon Jones,928,14,6,1,15.09,6.47,-8.62
2024,Democratic,Abbey Clements,89,3,0,1,33.71,0.0,-33.71
2024,Democratic,Adam Kinzinger,749,23,6,1,30.71,8.01,-22.7
2024,Democratic,Al Sharpton,696,19,27,1,27.3,38.79,11.49
2024,Democratic,Alex Padilla,368,13,4,1,35.33,10.87,-24.46
2024,Democratic,Alexander Hudlin,22,0,0,1,0.0,0.0,0.0
2024,Democratic,Alexandria Ocasio-Cortez,673,10,13,1,14.86,19.32,4.46
2024,Democratic,Alexis McGill Johnson,245,1,6,1,4.08,24.49,20.41
2024,Democratic,Amanda Gorman,184,0,6,1,0.0,32.61,32.61
2024,Democratic,Amanda Zurawski,128,4,3,1,31.25,23.44,-7.81
2024,Democratic,Amy Klobuchar,846,8,16,1,9.46,18.91,9.45
2024,Democratic,Amy Resner,86,2,0,1,23.26,0.0,-23.26
2024,Democratic,Ana Navarro,549,9,10,2,16.39,18.21,1.82
2024,Democratic,Andy Beshear,511,5,12,1,9.78,23.48,13.7
2024,Democratic,Andy Kim,259,12,4,1,46.33,15.44,-30.89
2024,Democratic,Angela Alsobrooks,794,10,13,1,12.59,16.37,3.78
2024,Democratic,Anya Cook,100,8,1,1,80.0,10.0,-70.0
2024,Democratic,April Verrett,189,2,7,1,10.58,37.04,26.46
2024,Democratic,Aquilino Gonell,178,15,2,1,84.27,11.24,-73.03
2024,Democratic,Ashley Biden,745,26,3,1,34.9,4.03,-30.87
2024,Democratic,Austin Davis,209,5,3,1,23.92,14.35,-9.57
2024,Democratic,Barack Obama,3426,30,91,1,8.76,26.56,17.8
2024,Democratic,Becky Pringle,186,2,4,1,10.75,21.51,10.76
2024,Democratic,Benjamin Ingman,312,2,5,1,6.41,16.03,9.62
2024,Democratic,Bennie Thompson,259,5,5,1,19.31,19.31,0.0
2024,Democratic,Bernie Sanders,920,4,34,1,4.35,36.96,32.61
2024,Democratic,Bill Clinton,2378,66,40,1,27.75,16.82,-10.93
2024,Democratic,Bob Casey,300,6,6,1,20.0,20.0,0.0
2024,Democratic,Brandon Johnson,439,3,2,1,6.83,4.56,-2.27
2024,Democratic,Brent Booker,95,2,3,1,21.05,31.58,10.53
2024,Democratic,Cardinal Blase Cupich,362,0,14,1,0.0,38.67,38.67
2024,Democratic,Carlos Eduardo Espina,258,2,2,1,7.75,7.75,0.0
2024,Democratic,Catherine Cortez Masto,293,11,11,1,37.54,37.54,0.0
2024,Democratic,Cavalier Johnson,150,1,1,1,6.67,6.67,0.0
2024,Democratic,Cecile Richards,192,2,2,1,10.42,10.42,0.0
2024,Democratic,Chris Coons,574,6,9,1,10.45,15.68,5.23
2024,Democratic,Chris Murphy,464,6,5,1,12.93,10.78,-2.15
2024,Democratic,Chris Swanson,260,5,5,1,19.23,19.23,0.0
2024,Democratic,Chuck Schumer,655,6,11,1,9.16,16.79,7.63
2024,Democratic,Claude Cummings Jr.,123,1,5,1,8.13,40.65,32.52
2024,Democratic,Colin Allred,276,9,12,1,32.61,43.48,10.87
2024,Democratic,Cory Booker,1481,35,40,7,23.63,27.01,3.38
2024,Democratic,Courtney Baldwin,162,7,0,1,43.21,0.0,-43.21
2024,Democratic,Craig Sicknick,70,1,2,1,14.29,28.57,14.28
2024,Democratic,D.L. Hughley,504,25,2,1,49.6,3.97,-45.63
2024,Democratic,Dana Nessel,314,5,4,1,15.92,12.74,-3.18
2024,Democratic,Deanna Branch,76,1,0,1,13.16,0.0,-13.16
2024,Democratic,Deb Haaland,220,5,4,1,22.73,18.18,-4.55
2024,Democratic,Debbie Wasserman Schultz,322,5,5,1,15.53,15.53,0.0
2024,Democratic,Derrick Johnson,216,2,8,1,9.26,37.04,27.78
2024,Democratic,Dick Durbin,474,1,8,1,2.11,16.88,14.77
2024,Democratic,Doug Emhoff,1705,60,20,1,35.19,11.73,-23.46
2024,Democratic,Edgar Vilchez,84,5,2,1,59.52,23.81,-35.71
2024,Democratic,Eleni Kounalakis,314,12,4,1,38.22,12.74,-25.48
2024,Democratic,Elissa Slotkin,322,7,6,1,21.74,18.63,-3.11
2024,Democratic,Elizabeth Warren,447,7,4,1,15.66,8.95,-6.71
2024,Democratic,Ella Emhoff,84,3,1,2,35.71,11.9,-23.81
2024,Democratic,Eric Fitts,79,5,0,1,63.29,0.0,-63.29
2024,Democratic,Eva Longoria,325,6,12,1,18.46,36.92,18.46
2024,Democratic,Gabrielle Giffords,201,11,0,1,54.73,0.0,-54.73
2024,Democratic,Gail Devore,80,5,0,1,62.5,0.0,-62.5
2024,Democratic,Gary Peters,246,6,6,1,24.39,24.39,0.0
2024,Democratic,Geoff Duncan,410,12,2,1,29.27,4.88,-24.39
2024,Democratic,Gina Raimondo,657,5,7,1,7.61,10.65,3.04
2024,Democratic,Grace Meng,152,1,4,1,6.58,26.32,19.74
2024,Democratic,Gretchen Whitmer,395,6,7,1,15.19,17.72,2.53
2024,Democratic,Hadley Duvall,180,7,2,1,38.89,11.11,-27.78
2024,Democratic,Hakeem Jeffries,876,0,13,1,0.0,14.84,14.84
2024,Democratic,Helena Hudlin,57,0,0,2,0.0,0.0,0.0
2024,Democratic,Hillary Clinton,1261,14,30,1,11.1,23.79,12.69
2024,Democratic,J.B. Pritzker,1531,12,26,1,7.84,16.98,9.14
2024,Democratic,Jack Schlossberg,230,1,2,1,4.35,8.7,4.35
2024,Democratic,Jaime Harrison,1632,29,29,7,17.77,17.77,0.0
2024,Democratic,James Clyburn,446,4,10,1,8.97,22.42,13.45
2024,Democratic,James Roosevelt Junior,86,2,2,1,23.26,23.26,0.0
2024,Democratic,Jamie Raskin,617,1,8,1,1.62,12.97,11.35
2024,Democratic,Jared Polis,292,4,2,1,13.7,6.85,-6.85
2024,Democratic,Jasmine Crockett,915,21,12,1,22.95,13.11,-9.84
2024,Democratic,Jason Carter,230,3,2,1,13.04,8.7,-4.34
2024,Democratic,Jason Crow,273,4,7,1,14.65,25.64,10.99
2024,Democratic,Javier Salazar,194,1,11,1,5.15,56.7,51.55
2024,Democratic,Jessica MacKler,177,0,2,1,0.0,11.3,11.3
2024,Democratic,Jill Biden,368,6,8,1,16.3,21.74,5.44
2024,Democratic,Joe Biden,4722,118,103,1,24.99,21.81,-3.18
2024,Democratic,Joe Neguse,307,2,2,1,6.51,6.51,0.0
2024,Democratic,John Russell,261,1,4,1,3.83,15.33,11.5
2024,Democratic,Jon Polin,268,1,8,1,3.73,29.85,26.12
2024,Democratic,Josh Shapiro,595,3,13,1,5.04,21.85,16.81
2024,Democratic,Josh Zurawski,118,4,4,1,33.9,33.9,0.0
2024,Democratic,Joyce Beatty,365,6,0,1,16.44,0.0,-16.44
2024,Democratic,Juanny Romero,91,5,1,1,54.95,10.99,-43.96
2024,Democratic,Kaitlyn Joshua,128,5,0,1,39.06,0.0,-39.06
2024,Democratic,Kamala Harris,3645,82,51,2,22.5,13.99,-8.51
2024,Democratic,Karen Bass,263,5,5,1,19.01,19.01,0.0
2024,Democratic,Karrie Delaney,89,1,0,1,11.24,0.0,-11.24
2024,Democratic,Katherine Clark,271,2,5,1,7.38,18.45,11.07
2024,Democratic,Kathy Hochul,517,3,9,1,5.8,17.41,11.61
2024,Democratic,Keith Ellison,422,8,5,1,18.96,11.85,-7.11
2024,Democratic,Kelley Robinson,210,0,7,1,0.0,33.33,33.33
2024,Democratic,Ken Chenault,583,3,5,1,5.15,8.58,3.43
2024,Democratic,Kenan Thompson,572,16,6,1,27.97,10.49,-17.48
2024,Democratic,Kenneth Cooper,140,2,2,1,14.29,14.29,0.0
2024,Democratic,Kenneth Stribling,208,8,6,1,38.46,28.85,-9.61
2024,Democratic,Kerry Washington,606,23,20,2,37.95,33.0,-4.95
2024,Democratic,Kim Rubio,66,2,1,1,30.3,15.15,-15.15
2024,Democratic,Korey Wise,114,4,5,1,35.09,43.86,8.77
2024,Democratic,Kyle Sweetser,126,10,0,1,79.37,0.0,-79.37
2024,Democratic,Laphonza Butler,510,8,9,1,15.69,17.65,1.96
2024,Democratic,Lateefa Simon,377,15,1,1,39.79,2.65,-37.14
2024,Democratic,Lauren Underwood,311,4,4,1,12.86,12.86,0.0
2024,Democratic,Leah Daughtry,186,0,1,1,0.0,5.38,5.38
2024,Democratic,Lee Saunders,113,1,2,1,8.85,17.7,8.85
2024,Democratic,Leon Panetta,479,2,6,1,4.18,12.53,8.35
2024,Democratic,Leonardo Williams,340,7,10,1,20.59,29.41,8.82
2024,Democratic,Lina Hidalgo,231,5,7,1,21.65,30.3,8.65
2024,Democratic,Lisa Blunt Rochester,281,3,6,1,10.68,21.35,10.67
2024,Democratic,Lisa Madigan,101,3,1,1,29.7,9.9,-19.8
2024,Democratic,Liz Shuler,121,1,2,1,8.26,16.53,8.27
2024,Democratic,Lucy McBath,107,2,7,2,18.69,65.42,46.73
2024,Democratic,Malcolm Kenyatta,296,7,1,1,23.65,3.38,-20.27
2024,Democratic,Mallory McMorrow,461,3,8,1,6.51,17.35,10.84
2024,Democratic,Marc Morial,100,1,0,1,10.0,0.0,-10.0
2024,Democratic,Marcia Fudge,300,1,3,2,3.33,10.0,6.67
2024,Democratic,Mark Kelly,439,5,9,1,11.39,20.5,9.11
2024,Democratic,María Teresa Kumar,192,2,10,1,10.42,52.08,41.66
2024,Democratic,Maura Healey,362,6,2,1,16.57,5.52,-11.05
2024,Democratic,Maxine Waters,274,5,3,1,18.25,10.95,-7.3
2024,Democratic,Maxwell Frost,306,5,4,1,16.34,13.07,-3.27
2024,Democratic,Maya Harris,508,3,11,1,5.91,21.65,15.74
2024,Democratic,Meena Harris,104,2,1,3,19.23,9.62,-9.61
2024,Democratic,Melanie Campbell,134,1,1,1,7.46,7.46,0.0
2024,Democratic,Melody McFadden,98,8,0,1,81.63,0.0,-81.63
2024,Democratic,Michelle Lujan Grisham,391,4,6,1,10.23,15.35,5.12
2024,Democratic,Michelle Obama,2108,17,56,1,8.06,26.57,18.51
2024,Democratic,Mindy Kaling,708,23,7,3,32.49,9.89,-22.6
2024,Democratic,Mini Timmaraju,217,0,6,1,0.0,27.65,27.65
2024,Democratic,Minyon Moore,439,4,5,2,9.11,11.39,2.28
2024,Democratic,Mitch Landrieu,763,2,19,4,2.62,24.9,22.28
2024,Democratic,Nabela Noor,168,8,4,1,47.62,23.81,-23.81
2024,Democratic,Nancy Pelosi,493,4,9,1,8.11,18.26,10.15
2024,Democratic,Nathan Hornes,89,2,2,1,22.47,22.47,0.0
2024,Democratic,Olivia Julianna,138,2,3,1,14.49,21.74,7.25
2024,Democratic,Olivia Troye,257,3,2,1,11.67,7.78,-3.89
2024,Democratic,Oprah Winfrey,1422,21,30,1,14.77,21.1,6.33
2024,Democratic,Pat Ryan,259,8,1,1,30.89,3.86,-27.03
2024,Democratic,Peggy Flanagan,734,7,15,4,9.54,20.44,10.9
2024,Democratic,Pete Aguilar,294,3,9,1,10.2,30.61,20.41
2024,Democratic,Pete Buttigieg,955,16,10,1,16.75,10.47,-6.28
2024,Democratic,Rachel Goldberg,326,1,2,2,3.07,6.13,3.06
2024,Democratic,Raja Krishnamoorthi,175,0,11,1,0.0,62.86,62.86
2024,Democratic,Randi Weingarten,149,2,1,1,13.42,6.71,-6.71
2024,Democratic,Raphael Warnock,1208,22,35,1,18.21,28.97,10.76
2024,Democratic,Rashawn Spivey,106,2,2,1,18.87,18.87,0.0
2024,Democratic,Regina Romero,205,1,3,1,4.88,14.63,9.75
2024,Democratic,Robert Garcia,490,10,15,1,20.41,30.61,10.2
2024,Democratic,Roy Cooper,450,12,13,1,26.67,28.89,2.22
2024,Democratic,Ruben Gallego,458,11,10,1,24.02,21.83,-2.19
2024,Democratic,Sara Rodriguez,219,5,1,1,22.83,4.57,-18.26
2024,Democratic,Shawn Fain,771,4,9,1,5.19,11.67,6.48
2024,Democratic,Shomari Figures,268,1,8,1,3.73,29.85,26.12
2024,Democratic,Stacey Johnson-Batiste and Doris Johnson,304,6,7,1,19.74,23.03,3.29
2024,Democratic,Stephanie Grisham,210,12,1,1,57.14,4.76,-52.38
2024,Democratic,Steve Kerr,824,26,7,1,31.55,8.5,-23.05
2024,Democratic,Suzan DelBene,271,3,7,1,11.07,25.83,14.76
2024,Democratic,Tammy Baldwin,258,10,5,1,38.76,19.38,-19.38
2024,Democratic,Tammy Duckworth,324,6,1,1,18.52,3.09,-15.43
2024,Democratic,Ted Lieu,249,4,1,1,16.06,4.02,-12.04
2024,Democratic,Tim Walz,1755,37,50,1,21.08,28.49,7.41
2024,Democratic,Tom Suozzi,263,2,8,1,7.6,30.42,22.82
2024,Democratic,Tony Goldwyn,721,7,21,3,9.71,29.13,19.42
2024,Democratic,Tony West,375,13,5,1,34.67,13.33,-21.34
2024,Democratic,Tristan Snell,110,2,0,1,18.18,0.0,-18.18
2024,Democratic,Veronica Escobar,253,5,4,1,19.76,15.81,-3.95
2024,Democratic,Wes Moore,658,14,11,1,21.28,16.72,-4.56
2024,Democratic,Yusef Salaam,271,10,5,1,36.9,18.45,-18.45
2024,Democratic,Zach Pahmahmie,190,2,5,1,10.53,26.32,15.79
2024,Republican,Alina Habba,704,8,5,1,11.36,7.1,-4.26
2024,Republican,Amber Rose,585,30,4,1,51.28,6.84,-44.44
2024,Republican,Anna Paulina Luna,352,6,5,1,17.05,14.2,-2.85
2024,Republican,Anne Fundner,452,9,10,1,19.91,22.12,2.21
2024,Republican,Anne Hathaway,316,2,2,1,6.33,6.33,0.0
2024,Republican,Annette Albright,305,8,0,1,26.23,0.0,-26.23
2024,Republican,Ben Carson,980,17,17,1,17.35,17.35,0.0
2024,Republican,Benjamin Josephs,327,4,11,1,12.23,33.64,21.41
2024,Republican,Bernie Moreno,383,11,7,1,28.72,18.28,-10.44
2024,Republican,Bill Lee,382,1,12,1,2.62,31.41,28.79
2024,Republican,Bob Unanue,505,4,6,1,7.92,11.88,3.96
2024,Republican,Brenna Bird,328,7,5,1,21.34,15.24,-6.1
2024,Republican,Brian Mast,371,5,11,1,13.48,29.65,16.17
2024,Republican,Byron Donalds,678,20,11,1,29.5,16.22,-13.28
2024,Republican,Callista Gingrich,234,2,3,1,8.55,12.82,4.27
2024,Republican,Carrie Ruiz,371,11,0,1,29.65,0.0,-29.65
2024,Republican,Catholic Archbishop Of Milwaukee,169,0,4,1,0.0,23.67,23.67
2024,Republican,Charlie Kirk,928,11,24,1,11.85,25.86,14.01
2024,Republican,Dana White,768,44,5,1,57.29,6.51,-50.78
2024,Republican,Dave McCormick,524,9,2,1,17.18,3.82,-13.36
2024,Republican,David Bellavia,493,9,5,1,18.26,10.14,-8.12
2024,Republican,David Lara,253,4,7,1,15.81,27.67,11.86
2024,Republican,David Sacks,640,5,8,1,7.81,12.5,4.69
2024,Republican,Diane Evans,452,25,6,1,55.31,13.27,-42.04
2024,Republican,Diane Hendricks,479,21,10,1,43.84,20.88,-22.96
2024,Republican,Donald Trump,11938,256,287,1,21.44,24.04,2.6
2024,Republican,Donald Trump Jr.,1885,16,29,2,8.49,15.38,6.89
2024,Republican,Doug Burgum,650,6,7,1,9.23,10.77,1.54
2024,Republican,Elise Stefanik,534,2,10,1,3.75,18.73,14.98
2024,Republican,Eric Hovde,434,6,8,1,13.82,18.43,4.61
2024,Republican,Eric Johnson,354,7,2,1,19.77,5.65,-14.12
2024,Republican,Eric Schmitt,355,7,7,1,19.72,19.72,0.0
2024,Republican,Eric Trump,1990,22,17,1,11.06,8.54,-2.52
2024,Republican,Erin Koper,315,10,4,1,31.75,12.7,-19.05
2024,Republican,Evelyn Nunez Jones,121,0,5,1,0.0,41.32,41.32
2024,Republican,Franklin Graham,765,16,20,1,20.92,26.14,5.22
2024,Republican,Glenn Youngkin,748,7,16,1,9.36,21.39,12.03
2024,Republican,Greg Abbott,504,8,4,1,15.87,7.94,-7.93
2024,Republican,Harmeet Dhillon,260,2,8,1,7.69,30.77,23.08
2024,Republican,Hayden Padget,336,4,7,1,11.9,20.83,8.93
2024,Republican,Hulk Hogan,855,40,9,1,46.78,10.53,-36.25
2024,Republican,Hung Cao,362,13,6,1,35.91,16.57,-19.34
2024,Republican,J.D. Vance,3521,78,57,1,22.15,16.19,-5.96
2024,Republican,James Crawford,297,3,2,1,10.1,6.73,-3.37
2024,Republican,James McLaughlin,203,1,9,1,4.93,44.33,39.4
2024,Republican,Jeff Van Drew,450,21,11,1,46.67,24.44,-22.23
2024,Republican,Jim Banks,426,9,8,1,21.13,18.78,-2.35
2024,Republican,Jim Chilton,244,1,5,2,4.1,20.49,16.39
2024,Republican,Jim Justice,652,19,11,1,29.14,16.87,-12.27
2024,Republican,John James,722,14,11,1,19.39,15.24,-4.15
2024,Republican,John Nieporte,456,17,5,1,37.28,10.96,-26.32
2024,Republican,Julie Harris,327,3,6,1,9.17,18.35,9.18
2024,Republican,Kai Trump,322,20,2,1,62.11,6.21,-55.9
2024,Republican,Kari Lake,808,24,14,1,29.7,17.33,-12.37
2024,Republican,Katie Britt,423,2,10,1,4.73,23.64,18.91
2024,Republican,Kellyanne Conway,658,5,17,1,7.6,25.84,18.24
2024,Republican,Kimberly Guilfoyle,525,9,9,1,17.14,17.14,0.0
2024,Republican,Kristi Noem,1158,16,41,1,13.82,35.41,21.59
2024,Republican,Lara Trump,2043,44,15,1,21.54,7.34,-14.2
2024,Republican,Lee Zeldin,427,3,10,1,7.03,23.42,16.39
2024,Republican,Linda Fornos,322,12,2,1,37.27,6.21,-31.06
2024,Republican,Linda McMahon,656,15,0,1,22.87,0.0,-22.87
2024,Republican,Lorenzo Sewell,802,11,8,1,13.72,9.98,-3.74
2024,Republican,Madeline Brame,438,5,4,1,11.42,9.13,-2.29
2024,Republican,Marco Rubio,815,0,21,1,0.0,25.77,25.77
2024,Republican,Marianne Taylor,103,2,1,1,19.42,9.71,-9.71
2024,Republican,Mario Dickens,322,8,6,1,24.84,18.63,-6.21
2024,Republican,Marjorie Taylor Greene,430,3,8,1,6.98,18.6,11.62
2024,Republican,Mark Laws,397,29,11,1,73.05,27.71,-45.34
2024,Republican,Mark Robinson,331,20,3,1,60.42,9.06,-51.36
2024,Republican,Marsha Blackburn,567,5,6,1,8.82,10.58,1.76
2024,Republican,Matt Brooks,366,1,5,1,2.73,13.66,10.93
2024,Republican,Matt Gaetz,432,4,7,1,9.26,16.2,6.94
2024,Republican,Michael Coyle,353,5,3,1,14.16,8.5,-5.66
2024,Republican,Michael Waltz,824,14,11,1,16.99,13.35,-3.64
2024,Republican,Michael Whatley,1596,13,43,17,8.15,26.94,18.79
2024,Republican,Mike Johnson,919,6,45,1,6.53,48.97,42.44
2024,Republican,Mike Pompeo,979,10,27,1,10.21,27.58,17.37
2024,Republican,Mike Rogers,486,11,5,1,22.63,10.29,-12.34
2024,Republican,Monica De La Cruz,282,5,4,1,17.73,14.18,-3.55
2024,Republican,Nancy Mace,407,12,12,1,29.48,29.48,0.0
2024,Republican,Neal Jackson,249,1,8,1,4.02,32.13,28.11
2024,Republican,Newt Gingrich,441,0,3,1,0.0,6.8,6.8
2024,Republican,Nikki Haley,915,12,26,1,13.11,28.42,15.31
2024,Republican,Pastor Cory Brooks,597,12,15,1,20.1,25.13,5.03
2024,Republican,Pastor James Ramsey,274,2,6,1,7.3,21.9,14.6
2024,Republican,Patrick Thompson,352,12,3,1,34.09,8.52,-25.57
2024,Republican,Perry Johnson,481,9,8,1,18.71,16.63,-2.08
2024,Republican,Peter Navarro,842,26,6,1,30.88,7.13,-23.75
2024,Republican,Randy Sutton,564,8,11,1,14.18,19.5,5.32
2024,Republican,Reince Priebus,382,6,3,1,15.71,7.85,-7.86
2024,Republican,Ric Grenell,340,3,6,1,8.82,17.65,8.83
2024,Republican,Richard Hudson,603,5,23,1,8.29,38.14,29.85
2024,Republican,Rick Scott,496,16,4,1,32.26,8.06,-24.2
2024,Republican,Robert Bartels,377,4,5,1,10.61,13.26,2.65
2024,Republican,Ron DeSantis,836,2,19,1,2.39,22.73,20.34
2024,Republican,Ron Johnson,314,0,6,1,0.0,19.11,19.11
2024,Republican,Ronny Jackson,528,10,11,1,18.94,20.83,1.89
2024,Republican,Sam Brown,406,20,3,1,49.26,7.39,-41.87
2024,Republican,Sara Workman,324,12,7,1,37.04,21.6,-15.44
2024,Republican,Sarah Huckabee Sanders,1000,24,17,1,24.0,17.0,-7.0
2024,Republican,Sarah Philips,385,8,4,1,20.78,10.39,-10.39
2024,Republican,Savannah Chrisley,481,7,9,1,14.55,18.71,4.16
2024,Republican,Scott Neil,497,10,12,1,20.12,24.14,4.02
2024,Republican,Sean O'Brien,1837,29,22,1,15.79,11.98,-3.81
2024,Republican,Shabbos Kestenbaum,428,15,1,1,35.05,2.34,-32.71
2024,Republican,Steve Daines,623,15,12,1,24.08,19.26,-4.82
2024,Republican,Steve Scalise,496,6,6,1,12.1,12.1,0.0
2024,Republican,Steve Witkoff,982,32,4,1,32.59,4.07,-28.52
2024,Republican,Sue Chilton,99,2,1,1,20.2,10.1,-10.1
2024,Republican,Ted Cruz,574,5,7,1,8.71,12.2,3.49
2024,Republican,The Goldstar Families,721,9,7,1,12.48,9.71,-2.77
2024,Republican,The Morin Family,334,5,7,1,14.97,20.96,5.99
2024,Republican,The Neutra Family,412,4,7,1,9.71,16.99,7.28
2024,Republican,Tim Scott,570,5,15,1,8.77,26.32,17.55
2024,Republican,Tim Sheehy,403,9,6,1,22.33,14.89,-7.44
2024,Republican,Tom Cotton,485,4,4,1,8.25,8.25,0.0
2024,Republican,Tom Emmer,465,4,17,1,8.6,36.56,27.96
2024,Republican,Tom Homan,320,5,4,1,15.62,12.5,-3.12
2024,Republican,Trent Conaway,317,3,9,1,9.46,28.39,18.93
2024,Republican,Tucker Carlson,1708,68,11,1,39.81,6.44,-33.37
2024,Republican,Usha Vance,531,17,1,1,32.02,1.88,-30.14
2024,Republican,Vanessa Faura,329,13,8,1,39.51,24.32,-15.19
2024,Republican,Victor Smith,22,1,0,1,45.45,0.0,-45.45
2024,Republican,Vivek Ramaswamy,1155,8,32,1,6.93,27.71,20.78
2024,Republican,Wesley Hunt,358,11,7,1,30.73,19.55,-11.18
2024,Republican,William Pekrul,379,17,4,1,44.85,10.55,-34.3
2024,Republican,Zach Witkoff,385,8,4,1,20.78,10.39,-10.39
